Logo,Name,Address,Town/City,Area/Neighbourhood,Contact Number / Call,Mobile phone / WhatsApp,Fax,Website address,Facebook,Instagram,Twitter / X,YouTube,TikTok,Pinterest,Establishment year,Company description
logos\25-degrees-east.jpg,25 Degrees East,"Botswana Business Directory - Local Botswana Sign in + Get Listed Data Hub Botswana Gaborone Restaurants 25 Degrees East - Gaborone, Botswana 0.0 0 Reviews Write a Review Update Info Contacts Reviews Q&A Unverified Listing Hotel name 25 Degrees East Address Shop 105 Riverwalk, Village, P.O.Box 40096, Gaborone , Botswana",Gaborone,"Botswana Business Directory - Local Botswana Sign in + Get Listed Data Hub Botswana Gaborone Restaurants 25 Degrees East - Gaborone, Botswana 0.0 0 Reviews Write a Review Update Info Contacts Reviews Q&A Unverified Listing Hotel name 25 Degrees East Address Shop 105 Riverwalk, Village, P.O.Box 40096",+267 370 0235,+267 7133 3336,,,https://www.facebook.com/sharer/sharer.php?u=https%3A%2F%2Fwww.localbotswana.com%2Fcompany%2F343%2F25_Degrees_East,,,,,,,
logos\abeah-investments-pty-ltd.jpg,Abeah Investments (pty) Ltd,"Botswana Business Directory - Local Botswana Sign in + Get Listed Data Hub Botswana Lobatse Insurance Companies Abeah Investments (pty) Ltd - Lobatse, Botswana 0.0 0 Reviews Write a Review Update Info Contacts Reviews Q&A Unverified Listing Hotel name Abeah Investments (pty) Ltd Address Plot 455, Molopo St, P.O.Box 194, Lobatse , Botswana",Lobatse,"Botswana Business Directory - Local Botswana Sign in + Get Listed Data Hub Botswana Lobatse Insurance Companies Abeah Investments (pty) Ltd - Lobatse, Botswana 0.0 0 Reviews Write a Review Update Info Contacts Reviews Q&A Unverified Listing Hotel name Abeah Investments (pty) Ltd Address Plot 455, Molopo St, P.O.Box 194",,,,,https://www.facebook.com/sharer/sharer.php?u=https%3A%2F%2Fwww.localbotswana.com%2Fcompany%2F245%2FAbeah_Investments_pty_Ltd,,,,,,,
logos\adansonia-hotel-conference-centre.jpg,Adansonia Hotel & Conference Centre,"Botswana Business Directory - Local Botswana Sign in + Get Listed Data Hub Botswana Francistown Conferences Adansonia Hotel & Conference Centre - Francistown, Botswana 0.0 0 Reviews Write a Review Update Info Contacts Reviews Q&A (1) Unverified Listing Hotel name Adansonia Hotel & Conference Centre Address Plot 32621 Tati River South, P.O.Box 235, Francistown , Botswana",Francistown,"Botswana Business Directory - Local Botswana Sign in + Get Listed Data Hub Botswana Francistown Conferences Adansonia Hotel & Conference Centre - Francistown, Botswana 0.0 0 Reviews Write a Review Update Info Contacts Reviews Q&A (1) Unverified Listing Hotel name Adansonia Hotel & Conference Centre Address Plot 32621 Tati River South, P.O.Box 235",+267 241 9714,,,,https://www.facebook.com/sharer/sharer.php?u=https%3A%2F%2Fwww.localbotswana.com%2Fcompany%2F12%2FAdansonia_Hotel_Conference_Centre,,,,,,,
logos\afripoul-prime.jpg,Afripoul Prime,"Botswana Business Directory - Local Botswana Sign in + Get Listed Data Hub Botswana Gaborone Food Retailers Afripoul Prime - Gaborone, Botswana Quality poultry products, feed, and future dining options. 0.0 0 Reviews Write a Review Update Info Contacts Map Reviews Q&A Verified Listing +11 Years With Us Restaurant name Afripoul Prime Address P O Box 30644 Francistown, Gaborone , Botswana",Gaborone,"Botswana Business Directory - Local Botswana Sign in + Get Listed Data Hub Botswana Gaborone Food Retailers Afripoul Prime - Gaborone, Botswana Quality poultry products, feed, and future dining options. 0.0 0 Reviews Write a Review Update Info Contacts Map Reviews Q&A Verified Listing +11 Years With Us Restaurant name Afripoul Prime Address P O Box 30644 Francistown",,,,,https://www.facebook.com/sharer/sharer.php?u=https%3A%2F%2Fwww.localbotswana.com%2Fcompany%2F13694%2FAFRIPOUL_PRIME,,,,,,2015,We Supply Poultry Products: 1.Chicken Meat (dressed chicken) 2.Chicken parts 3.Eggs 4.Packed processed chicken manure Upcoming. 1.Chicken Feed 2.Chicken vaccines 3.Poultry Equipments 4.Vegetables PIPELINE PROJECTS 1.Afripoul Resturant 2.Afripoul Chicken Supermarket 3.Afripoul Snaks
logos\aquamarine-holdings-pty.jpg,Aquamarine Holdings (pty),"Botswana Business Directory - Local Botswana Sign in + Get Listed Data Hub Botswana Gaborone Restaurants Aquamarine Holdings (pty) - Gaborone, Botswana 0.0 0 Reviews Write a Review Update Info Contacts Reviews Q&A Unverified Listing Hotel name Aquamarine Holdings (pty) Address Plot 25117, Village, P.O.Box 402498, Gaborone , Botswana",Gaborone,"Botswana Business Directory - Local Botswana Sign in + Get Listed Data Hub Botswana Gaborone Restaurants Aquamarine Holdings (pty) - Gaborone, Botswana 0.0 0 Reviews Write a Review Update Info Contacts Reviews Q&A Unverified Listing Hotel name Aquamarine Holdings (pty) Address Plot 25117, Village, P.O.Box 402498",,,,,https://www.facebook.com/sharer/sharer.php?u=https%3A%2F%2Fwww.localbotswana.com%2Fcompany%2F384%2FAquamarine_Holdings_pty,,,,,,,
logos\ashoka-palace-restaurant.jpg,Ashoka Palace Restaurant,"Botswana Business Directory - Local Botswana Sign in + Get Listed Data Hub Botswana Gaborone Restaurants Ashoka Palace Restaurant - Gaborone, Botswana 0.0 0 Reviews Write a Review Update Info Contacts Reviews Q&A Unverified Listing Hotel name Ashoka Palace Restaurant Address African Mall Plot 940, P.O.Box 1869, Gaborone , Botswana",Gaborone,"Botswana Business Directory - Local Botswana Sign in + Get Listed Data Hub Botswana Gaborone Restaurants Ashoka Palace Restaurant - Gaborone, Botswana 0.0 0 Reviews Write a Review Update Info Contacts Reviews Q&A Unverified Listing Hotel name Ashoka Palace Restaurant Address African Mall Plot 940, P.O.Box 1869",+267 316 5452,,,,https://www.facebook.com/sharer/sharer.php?u=https%3A%2F%2Fwww.localbotswana.com%2Fcompany%2F401%2FAshoka_Palace_Restaurant,,,,,,,
logos\at-the-usual-place-liquor-store.jpg,At The Usual Place Liquor Store,"Botswana Business Directory - Local Botswana Sign in + Get Listed Data Hub Botswana Restaurants At The Usual Place Liquor Store - Botswana 0.0 0 Reviews Write a Review Update Info Contacts Reviews Q&A Unverified Listing Hotel name At The Usual Place Liquor Store Address Lekhubu St, Selebi-Phikwe, P.O.Box 14, Botswana",P.O.Box 14,"Botswana Business Directory - Local Botswana Sign in + Get Listed Data Hub Botswana Restaurants At The Usual Place Liquor Store - Botswana 0.0 0 Reviews Write a Review Update Info Contacts Reviews Q&A Unverified Listing Hotel name At The Usual Place Liquor Store Address Lekhubu St, Selebi-Phikwe",,,,,https://www.facebook.com/sharer/sharer.php?u=https%3A%2F%2Fwww.localbotswana.com%2Fcompany%2F260%2FAt_The_Usual_Place_Liquor_Store,,,,,,,
logos\auntie-dorah-liquor-restaurant-take-away.jpg,Auntie Dorah Liquor Restaurant Take Away,"Botswana Business Directory - Local Botswana Sign in + Get Listed Data Hub Botswana Bobonong Restaurants Auntie Dorah Liquor Restaurant Take Away - Bobonong, Botswana 0.0 0 Reviews Write a Review Update Info Contacts Reviews Q&A Unverified Listing Hotel name Auntie Dorah Liquor Restaurant Take Away Address Legwaila Ward, P.O.Box 201, Bobonong , Botswana",Bobonong,"Botswana Business Directory - Local Botswana Sign in + Get Listed Data Hub Botswana Bobonong Restaurants Auntie Dorah Liquor Restaurant Take Away - Bobonong, Botswana 0.0 0 Reviews Write a Review Update Info Contacts Reviews Q&A Unverified Listing Hotel name Auntie Dorah Liquor Restaurant Take Away Address Legwaila Ward, P.O.Box 201",+267 261 9354,,,,https://www.facebook.com/sharer/sharer.php?u=https%3A%2F%2Fwww.localbotswana.com%2Fcompany%2F287%2FAuntie_Dorah_Liquor_Restaurant_Take_Away,,,,,,,
logos\b-l-moalosis-enterprises-pty-ltd-ta-boteti-hotel.jpg,B L Moalosi's Enterprises (pty) Ltd T/a Boteti Hotel,"Serowe-Orapa-Maun Rd Makgobelele Ward, Letlhakane , Botswana",Letlhakane,Serowe-Orapa-Maun Rd Makgobelele Ward,+267 297 8289 +267 297 8216 +267 297 8506,,,,https://www.facebook.com/sharer/sharer.php?u=https%3A%2F%2Fwww.localbotswana.com%2Fcompany%2F52%2FB_L_Moalosis_Enterprises_pty_Ltd_Ta_Boteti_Hotel,,,,,,,
logos\baobab-ta-a-enterprises.jpg,Baobab T/a A Enterprises,"Botswana Business Directory - Local Botswana Sign in + Get Listed Data Hub Botswana Francistown Restaurants Baobab T/a A Enterprises - Francistown, Botswana 0.0 0 Reviews Write a Review Update Info Contacts Reviews Q&A Unverified Listing Hotel name Baobab T/a A Enterprises Address Plot 6144 CDD, Monarch, P.O.Box 20745, Francistown , Botswana",Francistown,"Botswana Business Directory - Local Botswana Sign in + Get Listed Data Hub Botswana Francistown Restaurants Baobab T/a A Enterprises - Francistown, Botswana 0.0 0 Reviews Write a Review Update Info Contacts Reviews Q&A Unverified Listing Hotel name Baobab T/a A Enterprises Address Plot 6144 CDD, Monarch, P.O.Box 20745",+267 241 7786,,,,https://www.facebook.com/sharer/sharer.php?u=https%3A%2F%2Fwww.localbotswana.com%2Fcompany%2F404%2FBaobab_Ta_A_Enterprises,,,,,,,
logos\barbaras-bistro.jpg,Barbara's Bistro,"Botswana Business Directory - Local Botswana Sign in + Get Listed Data Hub Botswana Francistown Restaurants Barbara's Bistro - Francistown, Botswana 0.0 0 Reviews Write a Review Update Info Contacts Reviews Q&A Unverified Listing Hotel name Barbara's Bistro Address Francistown , Botswana",Botswana 0.0 0 Reviews Write a Review Update Info Contacts Reviews Q&A Unverified Listing Hotel name Barbara's Bistro Address Francistown,Botswana Business Directory - Local Botswana Sign in + Get Listed Data Hub Botswana Francistown Restaurants Barbara's Bistro - Francistown,,,,,https://www.facebook.com/sharer/sharer.php?u=https%3A%2F%2Fwww.localbotswana.com%2Fcompany%2F347%2FBarbaras_Bistro,,,,,,,
logos\barcelos-mochudi.jpg,Barcelos Mochudi,"Botswana Business Directory - Local Botswana Sign in + Get Listed Data Hub Botswana Mochudi Restaurants Barcelos Mochudi - Botswana 0.0 0 Reviews Write a Review Update Info Contacts Reviews Q&A Unverified Listing Hotel name Barcelos Mochudi Address Main Mall, P.O.Box 2106, Mochudi , Botswana",Mochudi,"Botswana Business Directory - Local Botswana Sign in + Get Listed Data Hub Botswana Mochudi Restaurants Barcelos Mochudi - Botswana 0.0 0 Reviews Write a Review Update Info Contacts Reviews Q&A Unverified Listing Hotel name Barcelos Mochudi Address Main Mall, P.O.Box 2106",+267 577 7207,,,,https://www.facebook.com/sharer/sharer.php?u=https%3A%2F%2Fwww.localbotswana.com%2Fcompany%2F374%2FBarcelos_Mochudi,,,,,,,
logos\barcelos-serowe.jpg,Barcelos Serowe,"Botswana Business Directory - Local Botswana Sign in + Get Listed Data Hub Botswana Serowe Restaurants Barcelos Serowe - Botswana Delicious dining experience in Serowe, Botswana's favorite spot. 0.0 0 Reviews Write a Review Update Info Contacts Map Reviews Q&A Verified Listing Restaurant name Barcelos Serowe Address Serowe , Botswana",Botswana's favorite spot. 0.0 0 Reviews Write a Review Update Info Contacts Map Reviews Q&A Verified Listing Restaurant name Barcelos Serowe Address Serowe,Botswana Business Directory - Local Botswana Sign in + Get Listed Data Hub Botswana Serowe Restaurants Barcelos Serowe - Botswana Delicious dining experience in Serowe,+267 463 8022 Working hours Monday: 09:00 - 23:00 Tuesday: 09:00 - 23:00 Wednesday: 09:00 - 23:00 Thursday: 09:00 - 23:00 Friday: 09:00 - 23:00 Saturday: 09:00 - 01:00 Sunday: 09:00 - 01:00,,,,https://www.facebook.com/sharer/sharer.php?u=https%3A%2F%2Fwww.localbotswana.com%2Fcompany%2F9160%2FBARCELOS_SEROWE,,,,,,2003,Restaurants in Serowe
logos\beijing-red-lantern-chinese-restaurant.jpg,Beijing Red Lantern Chinese Restaurant,"Botswana Business Directory - Local Botswana Sign in + Get Listed Data Hub Botswana Gaborone Restaurants Beijing Red Lantern Chinese Restaurant - Gaborone, Botswana 0.0 0 Reviews Write a Review Update Info Contacts Reviews Q&A Unverified Listing Hotel name Beijing Red Lantern Chinese Restaurant Address Plot 5659, Legolo Rd, Broadhurst Ind Est, P.O.Box 5641, Gaborone , Botswana",Gaborone,"Botswana Business Directory - Local Botswana Sign in + Get Listed Data Hub Botswana Gaborone Restaurants Beijing Red Lantern Chinese Restaurant - Gaborone, Botswana 0.0 0 Reviews Write a Review Update Info Contacts Reviews Q&A Unverified Listing Hotel name Beijing Red Lantern Chinese Restaurant Address Plot 5659, Legolo Rd, Broadhurst Ind Est, P.O.Box 5641",+267 390 8514,,,,https://www.facebook.com/sharer/sharer.php?u=https%3A%2F%2Fwww.localbotswana.com%2Fcompany%2F407%2FBeijing_Red_Lantern_Chinese_Restaurant,,,,,,,
logos\big-house-bar-restaurant-and-general-dealer-the.jpg,Big House Bar Restaurant And General Dealer The,"Near Land Board, P.O.Box 61, Tutume , Botswana",Tutume,"Near Land Board, P.O.Box 61",,,,,https://www.facebook.com/sharer/sharer.php?u=https%3A%2F%2Fwww.localbotswana.com%2Fcompany%2F289%2FBig_House_Bar_Restaurant_And_General_Dealer_The,,,,,,,
logos\blue-tree-restaurant.jpg,Blue Tree Restaurant,"Botswana Business Directory - Local Botswana Sign in + Get Listed Data Hub Botswana Gaborone Restaurants Blue Tree Restaurant - Gaborone, Botswana 0.0 0 Reviews Write a Review Update Info Contacts Reviews Q&A (1) Unverified Listing Hotel name Blue Tree Restaurant Address Gaborone , Botswana",Botswana 0.0 0 Reviews Write a Review Update Info Contacts Reviews Q&A (1) Unverified Listing Hotel name Blue Tree Restaurant Address Gaborone,Botswana Business Directory - Local Botswana Sign in + Get Listed Data Hub Botswana Gaborone Restaurants Blue Tree Restaurant - Gaborone,,,,,https://www.facebook.com/sharer/sharer.php?u=https%3A%2F%2Fwww.localbotswana.com%2Fcompany%2F413%2FBlue_Tree_Restaurant,,,,,,,
logos\boikhutso-complex.jpg,Boikhutso Complex,"Botswana Business Directory - Local Botswana Sign in + Get Listed Data Hub Botswana Bobonong Restaurants Boikhutso Complex - Bobonong, Botswana 0.0 0 Reviews Write a Review Update Info Contacts Reviews Q&A Unverified Listing Hotel name Boikhutso Complex Address Rasetimela Ward., P.O.Box 44, Bobonong , Botswana",Bobonong,"Botswana Business Directory - Local Botswana Sign in + Get Listed Data Hub Botswana Bobonong Restaurants Boikhutso Complex - Bobonong, Botswana 0.0 0 Reviews Write a Review Update Info Contacts Reviews Q&A Unverified Listing Hotel name Boikhutso Complex Address Rasetimela Ward., P.O.Box 44",,,,,https://www.facebook.com/sharer/sharer.php?u=https%3A%2F%2Fwww.localbotswana.com%2Fcompany%2F242%2FBoikhutso_Complex,,,,,,,
logos\boitshoko-restaurant.jpg,Boitshoko Restaurant,"Botswana Business Directory - Local Botswana Sign in + Get Listed Data Hub Botswana Gaborone Restaurants Boitshoko Restaurant - Gaborone, Botswana 0.0 0 Reviews Write a Review Update Info Contacts Reviews Q&A Unverified Listing Hotel name Boitshoko Restaurant Address (First bldg on the left after the Mogoditshane Circle), Mogoditshane, P.O.Box 235, Gaborone , Botswana",Gaborone,"Botswana Business Directory - Local Botswana Sign in + Get Listed Data Hub Botswana Gaborone Restaurants Boitshoko Restaurant - Gaborone, Botswana 0.0 0 Reviews Write a Review Update Info Contacts Reviews Q&A Unverified Listing Hotel name Boitshoko Restaurant Address (First bldg on the left after the Mogoditshane Circle), Mogoditshane, P.O.Box 235",,,,,https://www.facebook.com/sharer/sharer.php?u=https%3A%2F%2Fwww.localbotswana.com%2Fcompany%2F348%2FBoitshoko_Restaurant,,,,,,,
logos\bontleng-liquor-restaurants.jpg,Bontleng Liquor Restaurants,"Botswana Business Directory - Local Botswana Sign in + Get Listed Data Hub Botswana Nata Restaurants Bontleng Liquor Restaurants - Nata, Botswana 0.0 0 Reviews Write a Review Update Info Contacts Reviews Q&A Unverified Listing Hotel name Bontleng Liquor Restaurants Address P.O.Box 25, Nata , Botswana",Nata,"Botswana Business Directory - Local Botswana Sign in + Get Listed Data Hub Botswana Nata Restaurants Bontleng Liquor Restaurants - Nata, Botswana 0.0 0 Reviews Write a Review Update Info Contacts Reviews Q&A Unverified Listing Hotel name Bontleng Liquor Restaurants Address P.O.Box 25",+267 621 1240,,,,https://www.facebook.com/sharer/sharer.php?u=https%3A%2F%2Fwww.localbotswana.com%2Fcompany%2F256%2FBontleng_Liquor_Restaurants,,,,,,,
logos\bosa-bosele-restaurant.jpg,Bosa Bosele Restaurant,"Botswana Business Directory - Local Botswana Sign in + Get Listed Data Hub Botswana Serowe Restaurants Bosa Bosele Restaurant - Serowe, Botswana 0.0 0 Reviews Write a Review Update Info Contacts Reviews Q&A Unverified Listing Hotel name Bosa Bosele Restaurant Address P.O.Box 839, Serowe , Botswana",Serowe,"Botswana Business Directory - Local Botswana Sign in + Get Listed Data Hub Botswana Serowe Restaurants Bosa Bosele Restaurant - Serowe, Botswana 0.0 0 Reviews Write a Review Update Info Contacts Reviews Q&A Unverified Listing Hotel name Bosa Bosele Restaurant Address P.O.Box 839",,,,,https://www.facebook.com/sharer/sharer.php?u=https%3A%2F%2Fwww.localbotswana.com%2Fcompany%2F324%2FBosa_Bosele_Restaurant,,,,,,,
logos\boseja-butchery-and-restaurant.jpg,Boseja Butchery And Restaurant,"Botswana Business Directory - Local Botswana Sign in + Get Listed Data Hub Botswana Maun Restaurants Boseja Butchery And Restaurant - Maun, Botswana 0.0 0 Reviews Write a Review Update Info Contacts Reviews Q&A Unverified Listing Hotel name Boseja Butchery And Restaurant Address P.O.Box 24, Maun , Botswana",Maun,"Botswana Business Directory - Local Botswana Sign in + Get Listed Data Hub Botswana Maun Restaurants Boseja Butchery And Restaurant - Maun, Botswana 0.0 0 Reviews Write a Review Update Info Contacts Reviews Q&A Unverified Listing Hotel name Boseja Butchery And Restaurant Address P.O.Box 24",,,,,https://www.facebook.com/sharer/sharer.php?u=https%3A%2F%2Fwww.localbotswana.com%2Fcompany%2F249%2FBoseja_Butchery_And_Restaurant,,,,,,,
logos\botshabelo-central-restaurant.jpg,Botshabelo Central Restaurant,"Botswana Business Directory - Local Botswana Sign in + Get Listed Data Hub Botswana Restaurants Botshabelo Central Restaurant - Botswana 0.0 0 Reviews Write a Review Update Info Contacts Reviews Q&A Unverified Listing Hotel name Botshabelo Central Restaurant Address Botshabelo Ward, Selebi-Phikwe, Botswana",Selebi-Phikwe,Botswana Business Directory - Local Botswana Sign in + Get Listed Data Hub Botswana Restaurants Botshabelo Central Restaurant - Botswana 0.0 0 Reviews Write a Review Update Info Contacts Reviews Q&A Unverified Listing Hotel name Botshabelo Central Restaurant Address Botshabelo Ward,,,,,https://www.facebook.com/sharer/sharer.php?u=https%3A%2F%2Fwww.localbotswana.com%2Fcompany%2F298%2FBotshabelo_Central_Restaurant,,,,,,,
logos\botshelo-bar-restaurant-and-butchery.jpg,Botshelo Bar Restaurant And Butchery,"Botswana Business Directory - Local Botswana Sign in + Get Listed Data Hub Botswana Sebina Restaurants Botshelo Bar Restaurant And Butchery - Sebina, Botswana 0.0 0 Reviews Write a Review Update Info Contacts Reviews Q&A Unverified Listing Hotel name Botshelo Bar Restaurant And Butchery Address Nzinda Ward, P.O.Box 1, Sebina , Botswana",Sebina,"Botswana Business Directory - Local Botswana Sign in + Get Listed Data Hub Botswana Sebina Restaurants Botshelo Bar Restaurant And Butchery - Sebina, Botswana 0.0 0 Reviews Write a Review Update Info Contacts Reviews Q&A Unverified Listing Hotel name Botshelo Bar Restaurant And Butchery Address Nzinda Ward, P.O.Box 1",+267 298 1272,,,,https://www.facebook.com/sharer/sharer.php?u=https%3A%2F%2Fwww.localbotswana.com%2Fcompany%2F270%2FBotshelo_Bar_Restaurant_And_Butchery,,,,,,,
logos\brackendene-lodge.jpg,Brackendene Lodge,"Botswana Business Directory - Local Botswana Sign in + Get Listed Data Hub Botswana Gaborone Leisure Brackendene Lodge - Gaborone, Botswana 0.0 0 Reviews Write a Review Update Info Contacts Reviews Q&A Unverified Listing Hotel name Brackendene Lodge Address Plot 769 Ext.2 Tati Road, P.O.Box 621, Gaborone , Botswana",Gaborone,"Botswana Business Directory - Local Botswana Sign in + Get Listed Data Hub Botswana Gaborone Leisure Brackendene Lodge - Gaborone, Botswana 0.0 0 Reviews Write a Review Update Info Contacts Reviews Q&A Unverified Listing Hotel name Brackendene Lodge Address Plot 769 Ext.2 Tati Road, P.O.Box 621",+267 391 2886,+267 7122 3441,,,https://www.facebook.com/sharer/sharer.php?u=https%3A%2F%2Fwww.localbotswana.com%2Fcompany%2F86%2FBrackendene_Lodge,,,,,,,
logos\british-pie-company.jpg,British Pie Company,"Botswana Business Directory - Local Botswana Sign in + Get Listed Data Hub Botswana Gaborone Retail Services British Pie Company - Gaborone, Botswana 0.0 0 Reviews Write a Review Update Info Contacts Reviews Q&A Unverified Listing Hotel name British Pie Company Address Broadhurst Industrial, Broadhurst Ind Est, Gaborone , Botswana",Gaborone,"Botswana Business Directory - Local Botswana Sign in + Get Listed Data Hub Botswana Gaborone Retail Services British Pie Company - Gaborone, Botswana 0.0 0 Reviews Write a Review Update Info Contacts Reviews Q&A Unverified Listing Hotel name British Pie Company Address Broadhurst Industrial, Broadhurst Ind Est",,,,,https://www.facebook.com/sharer/sharer.php?u=https%3A%2F%2Fwww.localbotswana.com%2Fcompany%2F319%2FBritish_Pie_Company,,,,,,,
logos\buck-hunter-bar-restaurant.jpg,Buck & Hunter Bar & Restaurant,"Botswana Business Directory - Local Botswana Sign in + Get Listed Data Hub Botswana Maun Restaurants Buck & Hunter Bar & Restaurant - Maun, Botswana 0.0 0 Reviews Write a Review Update Info Contacts Reviews Q&A Unverified Listing Hotel name Buck & Hunter Bar & Restaurant Address Maun , Botswana",Botswana 0.0 0 Reviews Write a Review Update Info Contacts Reviews Q&A Unverified Listing Hotel name Buck & Hunter Bar & Restaurant Address Maun,Botswana Business Directory - Local Botswana Sign in + Get Listed Data Hub Botswana Maun Restaurants Buck & Hunter Bar & Restaurant - Maun,,,,,https://www.facebook.com/sharer/sharer.php?u=https%3A%2F%2Fwww.localbotswana.com%2Fcompany%2F215%2FBuck_Hunter_Bar_Restaurant,,,,,,,
logos\bull-and-bush.jpg,Bull And Bush,"Botswana Business Directory - Local Botswana Sign in + Get Listed Data Hub Botswana Gaborone Restaurants Bull And Bush - Gaborone, Botswana 0.0 0 Reviews Write a Review Update Info Contacts Reviews Q&A (1) Unverified Listing Hotel name Bull And Bush Address Plot 8766 Off Nelson Mandela Rd / Legolo Rd, Broadhurst Ind, Gaborone , Botswana",Gaborone,"Botswana Business Directory - Local Botswana Sign in + Get Listed Data Hub Botswana Gaborone Restaurants Bull And Bush - Gaborone, Botswana 0.0 0 Reviews Write a Review Update Info Contacts Reviews Q&A (1) Unverified Listing Hotel name Bull And Bush Address Plot 8766 Off Nelson Mandela Rd / Legolo Rd, Broadhurst Ind",+267 395 9382 +267 397 5070,+267 7130 1833,,,https://www.facebook.com/sharer/sharer.php?u=https%3A%2F%2Fwww.localbotswana.com%2Fcompany%2F244%2FBull_And_Bush,,,,,,,
logos\bull-dogs.jpg,Bull Dogs,"Botswana Business Directory - Local Botswana Sign in + Get Listed Data Hub Botswana Gaborone Restaurants Bull Dogs - Gaborone, Botswana 0.0 0 Reviews Write a Review Update Info Contacts Reviews Q&A Unverified Listing Hotel name Bull Dogs Address Gaborone , Botswana",Botswana 0.0 0 Reviews Write a Review Update Info Contacts Reviews Q&A Unverified Listing Hotel name Bull Dogs Address Gaborone,Botswana Business Directory - Local Botswana Sign in + Get Listed Data Hub Botswana Gaborone Restaurants Bull Dogs - Gaborone,,,,,https://www.facebook.com/sharer/sharer.php?u=https%3A%2F%2Fwww.localbotswana.com%2Fcompany%2F350%2FBull_Dogs,,,,,,,
logos\by-the-bridge.jpg,By The Bridge,"Botswana Business Directory - Local Botswana Sign in + Get Listed Data Hub Botswana Maun Restaurants By The Bridge - Maun, Botswana 0.0 0 Reviews Write a Review Update Info Contacts Reviews Q&A Unverified Listing Hotel name By The Bridge Address P.O.Box 484, Maun , Botswana",Maun,"Botswana Business Directory - Local Botswana Sign in + Get Listed Data Hub Botswana Maun Restaurants By The Bridge - Maun, Botswana 0.0 0 Reviews Write a Review Update Info Contacts Reviews Q&A Unverified Listing Hotel name By The Bridge Address P.O.Box 484",,,,,https://www.facebook.com/sharer/sharer.php?u=https%3A%2F%2Fwww.localbotswana.com%2Fcompany%2F238%2FBy_The_Bridge,,,,,,,
logos\cafe-deo.jpg,Cafe Deo,"Botswana Business Directory - Local Botswana Sign in + Get Listed Data Hub Botswana Lobatse Restaurants Cafe Deo - Lobatse, Botswana 0.0 0 Reviews Write a Review Update Info Contacts Reviews Q&A Unverified Listing Hotel name Cafe Deo Address Plot 224 Unit 2 Khama 1 Ave, P.O.Box 10914, Lobatse , Botswana",Lobatse,"Botswana Business Directory - Local Botswana Sign in + Get Listed Data Hub Botswana Lobatse Restaurants Cafe Deo - Lobatse, Botswana 0.0 0 Reviews Write a Review Update Info Contacts Reviews Q&A Unverified Listing Hotel name Cafe Deo Address Plot 224 Unit 2 Khama 1 Ave, P.O.Box 10914",+267 533 0870,,,,https://www.facebook.com/sharer/sharer.php?u=https%3A%2F%2Fwww.localbotswana.com%2Fcompany%2F218%2FCafe_Deo,,,,,,,
logos\cafe-portugalia.jpg,Cafe Portugalia,"Botswana Business Directory - Local Botswana Sign in + Get Listed Data Hub Botswana Gaborone Leisure Cafe Portugalia - Gaborone, Botswana 0.0 0 Reviews Write a Review Update Info Contacts Reviews Q&A (1) Unverified Listing Hotel name Cafe Portugalia Address Shop 83/83A Game City, P.O.Box 26182, Gaborone , Botswana",Gaborone,"Botswana Business Directory - Local Botswana Sign in + Get Listed Data Hub Botswana Gaborone Leisure Cafe Portugalia - Gaborone, Botswana 0.0 0 Reviews Write a Review Update Info Contacts Reviews Q&A (1) Unverified Listing Hotel name Cafe Portugalia Address Shop 83/83A Game City, P.O.Box 26182",,,,,https://www.facebook.com/sharer/sharer.php?u=https%3A%2F%2Fwww.localbotswana.com%2Fcompany%2F208%2FCafe_Portugalia,,,,,,,
logos\calabash-chinese-restaurant.jpg,Calabash Chinese Restaurant,"Botswana Business Directory - Local Botswana Sign in + Get Listed Data Hub Botswana Francistown Restaurants Calabash Chinese Restaurant - Francistown, Botswana 0.0 0 Reviews Write a Review Update Info Contacts Reviews Q&A Unverified Listing Hotel name Calabash Chinese Restaurant Address P.O.Box 30541, Francistown , Botswana",Francistown,"Botswana Business Directory - Local Botswana Sign in + Get Listed Data Hub Botswana Francistown Restaurants Calabash Chinese Restaurant - Francistown, Botswana 0.0 0 Reviews Write a Review Update Info Contacts Reviews Q&A Unverified Listing Hotel name Calabash Chinese Restaurant Address P.O.Box 30541",,,,,https://www.facebook.com/sharer/sharer.php?u=https%3A%2F%2Fwww.localbotswana.com%2Fcompany%2F318%2FCalabash_Chinese_Restaurant,,,,,,,
logos\calvary-guest-house.jpg,Calvary Guest House,"Botswana Business Directory - Local Botswana Sign in + Get Listed Data Hub Botswana Ghanzi Weddings Calvary Guest House - Ghanzi, Botswana Affordable, comfortable accommodation with meals and conference facilities. 0.0 0 Reviews Write a Review Update Info Contacts Map Reviews Q&A Products (1) Verified Listing +9 Years With Us Restaurant name Calvary Guest House Address P O Box 31 Gantsi, Ghanzi , Botswana",Ghanzi,"Botswana Business Directory - Local Botswana Sign in + Get Listed Data Hub Botswana Ghanzi Weddings Calvary Guest House - Ghanzi, Botswana Affordable, comfortable accommodation with meals and conference facilities. 0.0 0 Reviews Write a Review Update Info Contacts Map Reviews Q&A Products (1) Verified Listing +9 Years With Us Restaurant name Calvary Guest House Address P O Box 31 Gantsi",6597411/ 6597431,72381831 Working hours Monday: 06:30-22:00 Tuesday: 06:30-22:00 Wednesday: 06:30-22:00 Thursday: 06:30-22:00 Friday: 06:30-22:00 Saturday: 06:30-22:00 Sunday: 06:30-22:00 Company manager Matlhare,,,https://www.facebook.com/sharer/sharer.php?u=https%3A%2F%2Fwww.localbotswana.com%2Fcompany%2F14329%2FCalvary_Guest_House,,,,,,2010,"We offer accommodation at affordable prices. Our Mission is âTo offer a homely welcome, friendly, comfort and gracious services to law abiding customers who enjoy a quite relaxing environment"". Our rooms are as follows: Standard Room Premium Room Executive Room Meals are provided on request, we also provide Free WiFi on board We provide conference facility as per customer requirements"
logos\cantina-amigos-pty-ltd.jpg,Cantina Amigos (pty) Ltd,"Botswana Business Directory - Local Botswana Sign in + Get Listed Data Hub Botswana Gaborone Restaurants Cantina Amigos (pty) Ltd - Gaborone, Botswana 0.0 0 Reviews Write a Review Update Info Contacts Reviews Q&A Unverified Listing Hotel name Cantina Amigos (pty) Ltd Address Plot 4490 Ext14, P.O.Box 20831, Gaborone , Botswana",Gaborone,"Botswana Business Directory - Local Botswana Sign in + Get Listed Data Hub Botswana Gaborone Restaurants Cantina Amigos (pty) Ltd - Gaborone, Botswana 0.0 0 Reviews Write a Review Update Info Contacts Reviews Q&A Unverified Listing Hotel name Cantina Amigos (pty) Ltd Address Plot 4490 Ext14, P.O.Box 20831",+267 395 6535,+267 7216 6775,,,https://www.facebook.com/sharer/sharer.php?u=https%3A%2F%2Fwww.localbotswana.com%2Fcompany%2F246%2FCantina_Amigos_pty_Ltd,,,,,,,
logos\caravela-portuguese-restaurant.jpg,Caravela Portuguese Restaurant,"Botswana Business Directory - Local Botswana Sign in + Get Listed Data Hub Botswana Gaborone Restaurants Caravela Portuguese Restaurant - Gaborone, Botswana 0.0 0 Reviews Write a Review Update Info Contacts Map Reviews Q&A (1) Unverified Listing Hotel name Caravela Portuguese Restaurant Address Main Mall, P.O.Box 2504, Gaborone , Botswana",Gaborone,"Botswana Business Directory - Local Botswana Sign in + Get Listed Data Hub Botswana Gaborone Restaurants Caravela Portuguese Restaurant - Gaborone, Botswana 0.0 0 Reviews Write a Review Update Info Contacts Map Reviews Q&A (1) Unverified Listing Hotel name Caravela Portuguese Restaurant Address Main Mall, P.O.Box 2504",,,,,https://www.facebook.com/sharer/sharer.php?u=https%3A%2F%2Fwww.localbotswana.com%2Fcompany%2F299%2FCaravela_Portuguese_Restaurant,,,,,,,
logos\central-supermarket-and-restaurant.jpg,Central Supermarket And Restaurant,"Botswana Business Directory - Local Botswana Sign in + Get Listed Data Hub Botswana Serowe Restaurants Central Supermarket And Restaurant - Serowe, Botswana 0.0 0 Reviews Write a Review Update Info Contacts Reviews Q&A Unverified Listing Hotel name Central Supermarket And Restaurant Address P.O.Box 1441, Serowe , Botswana",Serowe,"Botswana Business Directory - Local Botswana Sign in + Get Listed Data Hub Botswana Serowe Restaurants Central Supermarket And Restaurant - Serowe, Botswana 0.0 0 Reviews Write a Review Update Info Contacts Reviews Q&A Unverified Listing Hotel name Central Supermarket And Restaurant Address P.O.Box 1441",,,,,https://www.facebook.com/sharer/sharer.php?u=https%3A%2F%2Fwww.localbotswana.com%2Fcompany%2F280%2FCentral_Supermarket_And_Restaurant,,,,,,,
logos\chicken-licken.jpg,Chicken Licken,"Botswana Business Directory - Local Botswana Sign in + Get Listed Data Hub Botswana Gaborone Restaurants Chicken Licken - Game City - Gaborone, Botswana Fried chicken favorite with over 200 locations worldwide. 0.0 0 Reviews Write a Review Update Info Contacts Map Reviews Q&A (1) Verified Listing Hotel name Chicken Licken - Game City Address Shop 52 Game City, P.O.Box 331, Gaborone , Botswana",Gaborone,"Botswana Business Directory - Local Botswana Sign in + Get Listed Data Hub Botswana Gaborone Restaurants Chicken Licken - Game City - Gaborone, Botswana Fried chicken favorite with over 200 locations worldwide. 0.0 0 Reviews Write a Review Update Info Contacts Map Reviews Q&A (1) Verified Listing Hotel name Chicken Licken - Game City Address Shop 52 Game City, P.O.Box 331",+267 391 0744,,,www.chickenlicken.co.za Working hours Monday: 09:00 - 22:00 Tuesday: 09:00 - 22:00 Wednesday: 09:00 - 22:00 Thursday: 09:00 - 22:00 Friday: 09:00 - 22:00 Saturday: 09:00 - 22:00 Sunday: 09:00 - 22:00,https://www.facebook.com/sharer/sharer.php?u=https%3A%2F%2Fwww.localbotswana.com%2Fcompany%2F355%2FChicken_Licken_game_City%2F,,,,,,,Botswana favourite since way back in the day. The first store opened in 1981 and since then weâve grown into the biggest non-American fried chicken franchise in the world. Now over 200 stores & more opening all the time... Chicken Licken has been a Botswana favourite since way back in the day. The first store opened in 1981 and since then weâve grown into the biggest non-American fried chicken franchise in the world
logos\chicken-licken.jpg,Chicken Licken,"Botswana Business Directory - Local Botswana Sign in + Get Listed Data Hub Botswana Gaborone Restaurants Chicken Licken - Gaborone, Botswana Fried chicken favorite with over 200 global locations. Chicken Licken 1.0 2 Reviews Chicken Licken The Fields Mall, 1st Commercial +267 315 8598 https://www.localbotswana.com/img/bw/k/_1610574653-10-chicken-licken-head-office.jpg Write a Review Update Info Contacts Map Reviews (2) Q&A (9) Verified Listing Restaurant name Chicken Licken Address The Fields Mall, 1st Commercial, Gaborone , Botswana",Gaborone,"Botswana Business Directory - Local Botswana Sign in + Get Listed Data Hub Botswana Gaborone Restaurants Chicken Licken - Gaborone, Botswana Fried chicken favorite with over 200 global locations. Chicken Licken 1.0 2 Reviews Chicken Licken The Fields Mall, 1st Commercial +267 315 8598 https://www.localbotswana.com/img/bw/k/_1610574653-10-chicken-licken-head-office.jpg Write a Review Update Info Contacts Map Reviews (2) Q&A (9) Verified Listing Restaurant name Chicken Licken Address The Fields Mall, 1st Commercial",+267 315 8598,,,www.chickenlicken.co.za Working hours Monday: 8:30â¯AMâ10â¯PM Tuesday: 8:30â¯AMâ10â¯PM Wednesday: 8:30â¯AMâ10â¯PM Thursday: 8:30â¯AMâ10â¯PM Friday: 8:30â¯AMâ10â¯PM Saturday: 8:30â¯AMâ10â¯PM Sunday: 8:30â¯AMâ10â¯PM,https://www.facebook.com/sharer/sharer.php?u=https%3A%2F%2Fwww.localbotswana.com%2Fcompany%2F375%2FChicken_Licken,,,,,,,Botswana favourite since way back in the day. The first store opened in 1981 and since then weâve grown into the biggest non-American fried chicken franchise in the world. Now over 200 stores & more opening all the time. Chicken Licken has been a Botswana favourite since way back in the day. The first store opened in 1981 and since then weâve grown into the biggest non-American fried chicken franchise in the world
logos\chicken-licken-station.jpg,Chicken Licken (station),"Botswana Business Directory - Local Botswana Sign in + Get Listed Data Hub Botswana Gaborone Restaurants Chicken Licken (station) - Gaborone, Botswana 0.0 0 Reviews Write a Review Update Info Contacts Reviews Q&A Unverified Listing Hotel name Chicken Licken (station) Address P.O.Box 106, Gaborone , Botswana",Gaborone,"Botswana Business Directory - Local Botswana Sign in + Get Listed Data Hub Botswana Gaborone Restaurants Chicken Licken (station) - Gaborone, Botswana 0.0 0 Reviews Write a Review Update Info Contacts Reviews Q&A Unverified Listing Hotel name Chicken Licken (station) Address P.O.Box 106",+267 390 4723,,,,https://www.facebook.com/sharer/sharer.php?u=https%3A%2F%2Fwww.localbotswana.com%2Fcompany%2F400%2FChicken_Licken_station,,,,,,,
logos\chicken-licken-warehouse-lobatse.jpg,Chicken Licken Warehouse Lobatse,"Botswana Business Directory - Local Botswana Sign in + Get Listed Data Hub Botswana Lobatse Restaurants Chicken Licken Warehouse Lobatse - Botswana 0.0 0 Reviews Write a Review Update Info Contacts Reviews Q&A Unverified Listing Hotel name Chicken Licken Warehouse Lobatse Address Plot 3318 Town Centre, P.O.Box 106, Lobatse , Botswana",Lobatse,"Botswana Business Directory - Local Botswana Sign in + Get Listed Data Hub Botswana Lobatse Restaurants Chicken Licken Warehouse Lobatse - Botswana 0.0 0 Reviews Write a Review Update Info Contacts Reviews Q&A Unverified Listing Hotel name Chicken Licken Warehouse Lobatse Address Plot 3318 Town Centre, P.O.Box 106",+267 533 0164,,,,https://www.facebook.com/sharer/sharer.php?u=https%3A%2F%2Fwww.localbotswana.com%2Fcompany%2F410%2FChicken_Licken_Warehouse_Lobatse,,,,,,,
logos\chicken-run.jpg,Chicken Run,"Botswana Business Directory - Local Botswana Sign in + Get Listed Data Hub Botswana Francistown Restaurants Chicken Run - Francistown, Botswana 0.0 0 Reviews Write a Review Update Info Contacts Reviews Q&A Unverified Listing Hotel name Chicken Run Address Blue Jacket St near Spar, P.O.Box 1424, Francistown , Botswana",Francistown,"Botswana Business Directory - Local Botswana Sign in + Get Listed Data Hub Botswana Francistown Restaurants Chicken Run - Francistown, Botswana 0.0 0 Reviews Write a Review Update Info Contacts Reviews Q&A Unverified Listing Hotel name Chicken Run Address Blue Jacket St near Spar, P.O.Box 1424",+267 241 2009 +267 241 2003,,,,https://www.facebook.com/sharer/sharer.php?u=https%3A%2F%2Fwww.localbotswana.com%2Fcompany%2F243%2FChicken_Run,,,,,,,
logos\chicken-run.jpg,Chicken Run,"Botswana Business Directory - Local Botswana Sign in + Get Listed Data Hub Botswana Lobatse Restaurants Chicken Run - Lobatse, Botswana 0.0 0 Reviews Write a Review Update Info Contacts Reviews Q&A Unverified Listing Hotel name Chicken Run Address Plot 207, P.O.Box 3, Lobatse , Botswana",Lobatse,"Botswana Business Directory - Local Botswana Sign in + Get Listed Data Hub Botswana Lobatse Restaurants Chicken Run - Lobatse, Botswana 0.0 0 Reviews Write a Review Update Info Contacts Reviews Q&A Unverified Listing Hotel name Chicken Run Address Plot 207, P.O.Box 3",+267 533 3623,+267 7125 8703,,,https://www.facebook.com/sharer/sharer.php?u=https%3A%2F%2Fwww.localbotswana.com%2Fcompany%2F430%2FChicken_Run,,,,,,,
logos\chobe-marina-lodge.jpg,Chobe Marina Lodge,"Botswana Business Directory - Local Botswana Sign in + Get Listed Data Hub Botswana Kasane Leisure Chobe Marina Lodge - Kasane, Botswana Experience wildlife and comfort near Victoria Falls. 0.0 0 Reviews Write a Review Update Info Contacts Reviews Q&A Unverified Listing Hotel name Chobe Marina Lodge Address President Ave, Kasane , Botswana",Kasane,"Botswana Business Directory - Local Botswana Sign in + Get Listed Data Hub Botswana Kasane Leisure Chobe Marina Lodge - Kasane, Botswana Experience wildlife and comfort near Victoria Falls. 0.0 0 Reviews Write a Review Update Info Contacts Reviews Q&A Unverified Listing Hotel name Chobe Marina Lodge Address President Ave",+267 625 2220,,+267 625 2224,www.chobemarinalodge.com,https://www.facebook.com/sharer/sharer.php?u=https%3A%2F%2Fwww.localbotswana.com%2Fcompany%2F150%2FChobe_Marina_Lodge,,,,,,,Chobe Marina Lodge in Botswana near Victoria Falls is a Game Lodge that offers Hotel Accommodation
logos\chop-n-wok.jpg,Chop 'n Wok,"Botswana Business Directory - Local Botswana Sign in + Get Listed Data Hub Botswana Gaborone Restaurants Chop 'n Wok - Gaborone, Botswana 0.0 0 Reviews Write a Review Update Info Contacts Reviews Q&A Unverified Listing Hotel name Chop 'n Wok Address Shop 37, Riverwalk, P.O.Box 1680, Gaborone , Botswana",Gaborone,"Botswana Business Directory - Local Botswana Sign in + Get Listed Data Hub Botswana Gaborone Restaurants Chop 'n Wok - Gaborone, Botswana 0.0 0 Reviews Write a Review Update Info Contacts Reviews Q&A Unverified Listing Hotel name Chop 'n Wok Address Shop 37, Riverwalk, P.O.Box 1680",,,,,https://www.facebook.com/sharer/sharer.php?u=https%3A%2F%2Fwww.localbotswana.com%2Fcompany%2F341%2FChop_n_Wok,,,,,,,
logos\chutney-indian-restaurant.jpg,Chutney Indian Restaurant,"Botswana Business Directory - Local Botswana Sign in + Get Listed Data Hub Botswana Gaborone Restaurants Chutney Indian Restaurant - Gaborone, Botswana 0.0 0 Reviews Write a Review Update Info Contacts Reviews Q&A Unverified Listing Hotel name Chutney Indian Restaurant Address Unit14 Westgate Mall, P.O.Box 404247, Gaborone , Botswana",Gaborone,"Botswana Business Directory - Local Botswana Sign in + Get Listed Data Hub Botswana Gaborone Restaurants Chutney Indian Restaurant - Gaborone, Botswana 0.0 0 Reviews Write a Review Update Info Contacts Reviews Q&A Unverified Listing Hotel name Chutney Indian Restaurant Address Unit14 Westgate Mall, P.O.Box 404247",+267 316 3297,,,,https://www.facebook.com/sharer/sharer.php?u=https%3A%2F%2Fwww.localbotswana.com%2Fcompany%2F390%2FChutney_Indian_Restaurant,,,,,,,
logos\coffeenest.jpg,Coffeenest,"Botswana Business Directory - Local Botswana Sign in + Get Listed Data Hub Botswana Gaborone Restaurants Coffeenest - Gaborone, Botswana 0.0 0 Reviews Write a Review Update Info Contacts Reviews Q&A Unverified Listing Hotel name Coffeenest Address Shop 28, P.O.Box 201336, Gaborone , Botswana",Gaborone,"Botswana Business Directory - Local Botswana Sign in + Get Listed Data Hub Botswana Gaborone Restaurants Coffeenest - Gaborone, Botswana 0.0 0 Reviews Write a Review Update Info Contacts Reviews Q&A Unverified Listing Hotel name Coffeenest Address Shop 28, P.O.Box 201336",,,,,https://www.facebook.com/sharer/sharer.php?u=https%3A%2F%2Fwww.localbotswana.com%2Fcompany%2F359%2FCoffeenest,,,,,,,
logos\cresta-central-reservations.jpg,Cresta Central Reservations,"Botswana Business Directory - Local Botswana Sign in + Get Listed Data Hub Botswana Gaborone Conferences Cresta Central Reservations - Gaborone, Botswana 0.0 0 Reviews Write a Review Update Info Contacts Reviews Q&A Unverified Listing Hotel name Cresta Central Reservations Address Plot 169, Queens Rd, Badiri, Gaborone , Botswana",Gaborone,"Botswana Business Directory - Local Botswana Sign in + Get Listed Data Hub Botswana Gaborone Conferences Cresta Central Reservations - Gaborone, Botswana 0.0 0 Reviews Write a Review Update Info Contacts Reviews Q&A Unverified Listing Hotel name Cresta Central Reservations Address Plot 169, Queens Rd, Badiri",+267 391 2431,,+267 397 5376,www.hospitality-cresta.com,https://www.facebook.com/sharer/sharer.php?u=https%3A%2F%2Fwww.localbotswana.com%2Fcompany%2F471%2FCresta_Central_Reservations,,,,,,,
logos\cresta-hotel-head-office.png,Cresta Hotel (head Office),"Botswana Business Directory - Local Botswana Sign in + Get Listed Data Hub Botswana Gaborone Conferences Cresta Hotel (head Office) - Gaborone, Botswana Enjoy authentic African hospitality with diverse accommodation options. 0.0 0 Reviews Write a Review Update Info Contacts Map Reviews Q&A (2) Verified Listing Hotel name Cresta Hotel (head Office) Address 2nd Floor, Marula House, Prime Plaza, New CBD, Gaborone , Botswana",Gaborone,"Botswana Business Directory - Local Botswana Sign in + Get Listed Data Hub Botswana Gaborone Conferences Cresta Hotel (head Office) - Gaborone, Botswana Enjoy authentic African hospitality with diverse accommodation options. 0.0 0 Reviews Write a Review Update Info Contacts Map Reviews Q&A (2) Verified Listing Hotel name Cresta Hotel (head Office) Address 2nd Floor, Marula House, Prime Plaza, New CBD",+267 391 2222,,+267 397 4321,www.crestamarakanelo.com Working hours Monday: 24 hours Tuesday: 24 hours Wednesday: 24 hours Thursday: 24 hours Friday: 24 hours Saturday: 24 hours Sunday: 24 hours,https://www.facebook.com/sharer/sharer.php?u=https%3A%2F%2Fwww.localbotswana.com%2Fcompany%2F472%2FCresta_Hotel_head_Office,,,,,,,"Experience the true warmth of African hospitality at Cresta Hotels, where weâll do whatever it takes to make your trip a success. With hotels spread across Africa, you can enjoy all the creature comforts Cresta Hotels have to offer from a variety of Zambian and Botswana accommodation options. Cresta Hotels brings you memorable hospitality experiences through four experiential gateways. From a single point of departure, the Cresta brand encompasses a range of different products, without being diluted or compromised. Whether you are looking for a cosmopolitan â or truly authentic African experience, you will find that every hotel of the Cresta Hotels group offers exceptional service quality. The four gateways âUrban Heartbeatâ, âUrban Oasisâ, âAfrican Rootsâ and âAfrican Fingerprintâ are each designed differently for you to choose the travel experience that will best suit your individual needs"
logos\cresta-marakanelo.jpg,Cresta Marakanelo,"Botswana Business Directory - Local Botswana Sign in + Get Listed Data Hub Botswana Gaborone Conferences Cresta Marakanelo - Training Centre - Gaborone, Botswana 0.0 0 Reviews Write a Review Update Info Contacts Reviews Q&A Unverified Listing Hotel name Cresta Marakanelo - Training Centre Address Plot 169, Queens Rd, Badiri, Gaborone , Botswana",Gaborone,"Botswana Business Directory - Local Botswana Sign in + Get Listed Data Hub Botswana Gaborone Conferences Cresta Marakanelo - Training Centre - Gaborone, Botswana 0.0 0 Reviews Write a Review Update Info Contacts Reviews Q&A Unverified Listing Hotel name Cresta Marakanelo - Training Centre Address Plot 169, Queens Rd, Badiri",+267 391 2431 +267 397 5375,,+267 390 0635,www.cresta-hospitality.com,https://www.facebook.com/sharer/sharer.php?u=https%3A%2F%2Fwww.localbotswana.com%2Fcompany%2F470%2FCresta_MarakaneloTraining_Centre,,,,,,,
logos\cresta-president-hotel.jpg,Cresta President Hotel,"Botswana Business Directory - Local Botswana Sign in + Get Listed Data Hub Botswana Gaborone Conferences Cresta President Hotel - Gaborone, Botswana 0.0 0 Reviews Write a Review Update Info Contacts Reviews Q&A Unverified Listing Hotel name Cresta President Hotel Address Plot 1169 Rd, Selemelo Ext 2, P.O.Box 200, Gaborone , Botswana",Gaborone,"Botswana Business Directory - Local Botswana Sign in + Get Listed Data Hub Botswana Gaborone Conferences Cresta President Hotel - Gaborone, Botswana 0.0 0 Reviews Write a Review Update Info Contacts Reviews Q&A Unverified Listing Hotel name Cresta President Hotel Address Plot 1169 Rd, Selemelo Ext 2, P.O.Box 200",+267 395 3631,,+267 395 1840,www.cresta-hospitality.com,https://www.facebook.com/sharer/sharer.php?u=https%3A%2F%2Fwww.localbotswana.com%2Fcompany%2F41%2FCresta_President_Hotel,,,,,,,
logos\cross-roads-butchery-restaurant.jpg,Cross Roads Butchery & Restaurant,"Botswana Business Directory - Local Botswana Sign in + Get Listed Data Hub Botswana Kanye Restaurants Cross Roads Butchery & Restaurant - Kanye, Botswana 0.0 0 Reviews Write a Review Update Info Contacts Reviews Q&A Unverified Listing Hotel name Cross Roads Butchery & Restaurant Address Gasebako Ward, P.O.Box 479, Kanye , Botswana",Kanye,"Botswana Business Directory - Local Botswana Sign in + Get Listed Data Hub Botswana Kanye Restaurants Cross Roads Butchery & Restaurant - Kanye, Botswana 0.0 0 Reviews Write a Review Update Info Contacts Reviews Q&A Unverified Listing Hotel name Cross Roads Butchery & Restaurant Address Gasebako Ward, P.O.Box 479",,,,,https://www.facebook.com/sharer/sharer.php?u=https%3A%2F%2Fwww.localbotswana.com%2Fcompany%2F284%2FCross_Roads_Butchery_Restaurant,,,,,,,
logos\crowd-restaurant-the.jpg,Crowd Restaurant The,"Botswana Business Directory - Local Botswana Sign in + Get Listed Data Hub Botswana Molepolole Restaurants Crowd Restaurant The - Molepolole, Botswana 0.0 0 Reviews Write a Review Update Info Contacts Reviews Q&A Unverified Listing Hotel name Crowd Restaurant The Address P.O.Box 1898, Molepolole , Botswana",Molepolole,"Botswana Business Directory - Local Botswana Sign in + Get Listed Data Hub Botswana Molepolole Restaurants Crowd Restaurant The - Molepolole, Botswana 0.0 0 Reviews Write a Review Update Info Contacts Reviews Q&A Unverified Listing Hotel name Crowd Restaurant The Address P.O.Box 1898",,,,,https://www.facebook.com/sharer/sharer.php?u=https%3A%2F%2Fwww.localbotswana.com%2Fcompany%2F323%2FCrowd_Restaurant_The,,,,,,,
logos\crown-restaurant.jpg,Crown Restaurant,"Botswana Business Directory - Local Botswana Sign in + Get Listed Data Hub Botswana Gaborone Restaurants Crown Restaurant - Gaborone, Botswana 0.0 0 Reviews Write a Review Update Info Contacts Reviews Q&A Unverified Listing Hotel name Crown Restaurant Address 421 Mokgosi Cl, Dilalelo Ext 4, Gaborone , Botswana",Gaborone,"Botswana Business Directory - Local Botswana Sign in + Get Listed Data Hub Botswana Gaborone Restaurants Crown Restaurant - Gaborone, Botswana 0.0 0 Reviews Write a Review Update Info Contacts Reviews Q&A Unverified Listing Hotel name Crown Restaurant Address 421 Mokgosi Cl, Dilalelo Ext 4",,,,,https://www.facebook.com/sharer/sharer.php?u=https%3A%2F%2Fwww.localbotswana.com%2Fcompany%2F271%2FCrown_Restaurant,,,,,,,
logos\cullyden-restaurant.jpg,Cullyden Restaurant,"Botswana Business Directory - Local Botswana Sign in + Get Listed Data Hub Botswana Francistown Restaurants Cullyden Restaurant - Francistown, Botswana 0.0 0 Reviews Write a Review Update Info Contacts Reviews Q&A Unverified Listing Hotel name Cullyden Restaurant Address Industrial Area, P.O.Box 20691, Francistown , Botswana",Francistown,"Botswana Business Directory - Local Botswana Sign in + Get Listed Data Hub Botswana Francistown Restaurants Cullyden Restaurant - Francistown, Botswana 0.0 0 Reviews Write a Review Update Info Contacts Reviews Q&A Unverified Listing Hotel name Cullyden Restaurant Address Industrial Area, P.O.Box 20691",+267 241 2998,,,,https://www.facebook.com/sharer/sharer.php?u=https%3A%2F%2Fwww.localbotswana.com%2Fcompany%2F398%2FCullyden_Restaurant,,,,,,,
logos\cumberland-hotel.jpg,Cumberland Hotel,"Botswana Business Directory - Local Botswana Sign in + Get Listed Data Hub Botswana Lobatse Conferences Cumberland Hotel - Lobatse, Botswana 0.0 0 Reviews Write a Review Update Info Contacts Reviews Q&A Unverified Listing Hotel name Cumberland Hotel Address P.O.Box 135, Lobatse , Botswana",Lobatse,"Botswana Business Directory - Local Botswana Sign in + Get Listed Data Hub Botswana Lobatse Conferences Cumberland Hotel - Lobatse, Botswana 0.0 0 Reviews Write a Review Update Info Contacts Reviews Q&A Unverified Listing Hotel name Cumberland Hotel Address P.O.Box 135",+267 533 0281,,+267 533 2106,www.cumberlandhotel.net,https://www.facebook.com/sharer/sharer.php?u=https%3A%2F%2Fwww.localbotswana.com%2Fcompany%2F32%2FCumberland_Hotel,,,,,,,
logos\curry-pot.jpg,Curry Pot,"Botswana Business Directory - Local Botswana Sign in + Get Listed Data Hub Botswana Gaborone Restaurants Curry Pot - Gaborone, Botswana Delicious curry dishes in Gaborone's cozy restaurant setting. 0.0 0 Reviews Write a Review Update Info Contacts Map Reviews Q&A Verified Listing Hotel name Curry Pot Address Plot 79 Unit3 Commerce Pk, Gaborone , Botswana",Gaborone,"Botswana Business Directory - Local Botswana Sign in + Get Listed Data Hub Botswana Gaborone Restaurants Curry Pot - Gaborone, Botswana Delicious curry dishes in Gaborone's cozy restaurant setting. 0.0 0 Reviews Write a Review Update Info Contacts Map Reviews Q&A Verified Listing Hotel name Curry Pot Address Plot 79 Unit3 Commerce Pk",+267 316 1435 +267 391 1266 +267 391 1514 +267 391 0028 +267 391 0024,,+267 350 0213 +267 391 0027,www.facebook.com/profile.php?id=237525726283220 Working hours Monday: 08:00 - 17:00 Tuesday: 08:00 - 17:00 Wednesday: 08:00 - 17:00 Thursday: 08:00 - 17:00 Friday: 08:00 - 17:00 Saturday: 08:00 - 17:00 Sunday: 08:00 - 17:00,www.facebook.com/profile.php?id=237525726283220 Working hours Monday: 08:00 - 17:00 Tuesday: 08:00 - 17:00 Wednesday: 08:00 - 17:00 Thursday: 08:00 - 17:00 Friday: 08:00 - 17:00 Saturday: 08:00 - 17:00 Sunday: 08:00 - 17:00,,,,,,,Restaurants
logos\dana-restaurant-pty-ltd.jpg,Dana Restaurant (pty) Ltd,"Botswana Business Directory - Local Botswana Sign in + Get Listed Data Hub Botswana Lobatse Restaurants Dana Restaurant (pty) Ltd - Lobatse, Botswana 0.0 0 Reviews Write a Review Update Info Contacts Reviews Q&A Unverified Listing Hotel name Dana Restaurant (pty) Ltd Address Plot 274, P.O.Box 10927, Lobatse , Botswana",Lobatse,"Botswana Business Directory - Local Botswana Sign in + Get Listed Data Hub Botswana Lobatse Restaurants Dana Restaurant (pty) Ltd - Lobatse, Botswana 0.0 0 Reviews Write a Review Update Info Contacts Reviews Q&A Unverified Listing Hotel name Dana Restaurant (pty) Ltd Address Plot 274, P.O.Box 10927",+267 530 0214,,,,https://www.facebook.com/sharer/sharer.php?u=https%3A%2F%2Fwww.localbotswana.com%2Fcompany%2F339%2FDana_Restaurant_pty_Ltd,,,,,,,
logos\danna-restaurant.jpg,Danna Restaurant,"Botswana Business Directory - Local Botswana Sign in + Get Listed Data Hub Botswana Lobatse Restaurants Danna Restaurant - Lobatse, Botswana 0.0 0 Reviews Write a Review Update Info Contacts Reviews Q&A Unverified Listing Hotel name Danna Restaurant Address Plot 274, Khama 1 Ave, P.O.Box 10927, Lobatse , Botswana",Lobatse,"Botswana Business Directory - Local Botswana Sign in + Get Listed Data Hub Botswana Lobatse Restaurants Danna Restaurant - Lobatse, Botswana 0.0 0 Reviews Write a Review Update Info Contacts Reviews Q&A Unverified Listing Hotel name Danna Restaurant Address Plot 274, Khama 1 Ave, P.O.Box 10927",+267 533 0338,,,,https://www.facebook.com/sharer/sharer.php?u=https%3A%2F%2Fwww.localbotswana.com%2Fcompany%2F222%2FDanna_Restaurant,,,,,,,
logos\day-liquor-restaurant.jpg,Day Liquor Restaurant,"Botswana Business Directory - Local Botswana Sign in + Get Listed Data Hub Botswana Mochudi Restaurants Day Liquor Restaurant - Mochudi, Botswana 0.0 0 Reviews Write a Review Update Info Contacts Reviews Q&A Unverified Listing Hotel name Day Liquor Restaurant Address P.O.Box 800, Mochudi , Botswana",Mochudi,"Botswana Business Directory - Local Botswana Sign in + Get Listed Data Hub Botswana Mochudi Restaurants Day Liquor Restaurant - Mochudi, Botswana 0.0 0 Reviews Write a Review Update Info Contacts Reviews Q&A Unverified Listing Hotel name Day Liquor Restaurant Address P.O.Box 800",,,,,https://www.facebook.com/sharer/sharer.php?u=https%3A%2F%2Fwww.localbotswana.com%2Fcompany%2F294%2FDay_Liquor_Restaurant,,,,,,,
logos\debonairs-pizza.jpg,Debonairs Pizza,"Botswana Business Directory - Local Botswana Sign in + Get Listed Data Hub Botswana Gaborone Restaurants Debonairs Pizza - Gaborone, Botswana Fresh, tasty pizza with unique flavors in Gaborone. Debonairs Pizza 1.0 1 Review Debonairs Pizza DEBONAIRS PIZZA SEBELE CENTRE Plot 62417, Block 10 Shop 21, Gaborone, Botswana 0861 DPIZZA (0861 374 992) https://www.localbotswana.com/img/bw/g/_1547812896-64-debonairs-pizza.jpg Write a Review Update Info Contacts Map Reviews (1) Q&A (10) Verified Listing Restaurant name Debonairs Pizza Address DEBONAIRS PIZZA SEBELE CENTRE Plot 62417, Block 10 Shop 21, Gaborone , Botswana",Gaborone,"Botswana Business Directory - Local Botswana Sign in + Get Listed Data Hub Botswana Gaborone Restaurants Debonairs Pizza - Gaborone, Botswana Fresh, tasty pizza with unique flavors in Gaborone. Debonairs Pizza 1.0 1 Review Debonairs Pizza DEBONAIRS PIZZA SEBELE CENTRE Plot 62417, Block 10 Shop 21, Gaborone, Botswana 0861 DPIZZA (0861 374 992) https://www.localbotswana.com/img/bw/g/_1547812896-64-debonairs-pizza.jpg Write a Review Update Info Contacts Map Reviews (1) Q&A (10) Verified Listing Restaurant name Debonairs Pizza Address DEBONAIRS PIZZA SEBELE CENTRE Plot 62417, Block 10 Shop 21",0861 DPIZZA (0861 374 992),+267 395 1757,,order.debonairspizza.co.bw Working hours Monday: 09:00 - 20:00 Tuesday: 09:00 - 20:00 Wednesday: 09:00 - 20:00 Thursday: 09:00 - 20:00 Friday: 09:00 - 20:00 Saturday: 09:00 - 20:00 Sunday: 09:00 - 20:00,https://www.facebook.com/sharer/sharer.php?u=https%3A%2F%2Fwww.localbotswana.com%2Fcompany%2F421%2FDebonairs_Pizza%2F,,,,,,,"Debonairs Pizza is the leading pizza restaurant in Africa. It was established in 1991 by two university students, one being Craig McKenzie, who operated from a family bakery in Pietermaritzburg. So, try something unique. Try something tasty. Try something fresh. Try something amazing. Try Debonairs Pizza"
logos\debonairs-pizza.jpg,Debonairs Pizza,"Shop 20 Riverwalk Mall, P.O.Box 249, Gaborone , Botswana",Gaborone,"Shop 20 Riverwalk Mall, P.O.Box 249",+267 370 0172,,,order.debonairspizza.co.bw Working hours Monday: 09:00 - 23:00 Tuesday: 09:00 - 23:00 Wednesday: 09:00 - 23:00 Thursday: 09:00 - 23:00 Friday: 09:00 - 23:00 Saturday: Closed Sunday: Closed,https://www.facebook.com/sharer/sharer.php?u=https%3A%2F%2Fwww.localbotswana.com%2Fcompany%2F495%2FDebonairs_PizzaRiverwalk,,,,,,,"Debonairs Pizza is the leading pizza restaurant in Africa. It was established in 1991 by two university students, one being Craig McKenzie, who operated from a family bakery in Pietermaritzburg. So, try something unique. Try something tasty. Try something fresh. Try something amazing. Try Debonairs Pizza"
logos\debonairs-pizza-pty-limited.png,Debonairs Pizza (pty) Limited,"Botswana Business Directory - Local Botswana Sign in + Get Listed Data Hub Botswana Gaborone Restaurants Debonairs Pizza (pty) Limited - Gaborone, Botswana Fresh, tasty pizza with unique flavors and great service. 0.0 0 Reviews Write a Review Update Info Contacts Map Reviews Q&A Verified Listing Restaurant name Debonairs Pizza (pty) Limited Address Professional Bldg near De Beers BBS Mall, Broadhurst, P.O.Box 29, Gaborone , Botswana",Gaborone,"Botswana Business Directory - Local Botswana Sign in + Get Listed Data Hub Botswana Gaborone Restaurants Debonairs Pizza (pty) Limited - Gaborone, Botswana Fresh, tasty pizza with unique flavors and great service. 0.0 0 Reviews Write a Review Update Info Contacts Map Reviews Q&A Verified Listing Restaurant name Debonairs Pizza (pty) Limited Address Professional Bldg near De Beers BBS Mall, Broadhurst, P.O.Box 29",+267 393 3901,,,app.debonairspizza.co.bw Working hours Monday: 08:00 - 22:00 Tuesday: 08:00 - 22:00 Wednesday: 08:00 - 22:00 Thursday: 08:00 - 22:00 Friday: 08:00 - 22:00 Saturday: 08:00 - 22:00 Sunday: 08:00 - 22:00,https://www.facebook.com/sharer/sharer.php?u=https%3A%2F%2Fwww.localbotswana.com%2Fcompany%2F436%2FDebonairs_Pizza_pty_Limited,,,,,,,"Debonairs Pizza is the leading pizza restaurant in Africa. It was established in 1991 by two university students, one being Craig McKenzie, who operated from a family bakery in Pietermaritzburg. So, try something unique. Try something tasty. Try something fresh. Try something amazing. Try Debonairs Pizza"
logos\delicious-bite-pizzeria-takeaway.jpg,Delicious Bite Pizzeria Takeaway,"Botswana Business Directory - Local Botswana Sign in + Get Listed Data Hub Botswana Ramotswa Restaurants Delicious Bite Pizzeria Takeaway - Ramotswa, Botswana 0.0 0 Reviews Write a Review Update Info Contacts Reviews Q&A Unverified Listing Restaurant name Delicious Bite Pizzeria Takeaway Address Ramotswa , Botswana",Botswana 0.0 0 Reviews Write a Review Update Info Contacts Reviews Q&A Unverified Listing Restaurant name Delicious Bite Pizzeria Takeaway Address Ramotswa,Botswana Business Directory - Local Botswana Sign in + Get Listed Data Hub Botswana Ramotswa Restaurants Delicious Bite Pizzeria Takeaway - Ramotswa,,,,,https://www.facebook.com/sharer/sharer.php?u=https%3A%2F%2Fwww.localbotswana.com%2Fcompany%2F433%2FDelicious_Bite_Pizzeria_Takeaway,,,,,,,
logos\delta-cafe.jpg,Delta Cafe,"Botswana Business Directory - Local Botswana Sign in + Get Listed Data Hub Botswana Gaborone Restaurants Delta Cafe - Gaborone, Botswana 0.0 0 Reviews Write a Review Update Info Contacts Reviews Q&A Unverified Listing Hotel name Delta Cafe Address Shop 1 1 Game City, P.O.Box 1020, Gaborone , Botswana",Gaborone,"Botswana Business Directory - Local Botswana Sign in + Get Listed Data Hub Botswana Gaborone Restaurants Delta Cafe - Gaborone, Botswana 0.0 0 Reviews Write a Review Update Info Contacts Reviews Q&A Unverified Listing Hotel name Delta Cafe Address Shop 1 1 Game City, P.O.Box 1020",+267 391 0981,,,,https://www.facebook.com/sharer/sharer.php?u=https%3A%2F%2Fwww.localbotswana.com%2Fcompany%2F357%2FDelta_Cafe,,,,,,,
logos\denjebuya-restaurant.jpg,Denjebuya Restaurant,"Botswana Business Directory - Local Botswana Sign in + Get Listed Data Hub Botswana Maitengwe Restaurants Denjebuya Restaurant - Maitengwe, Botswana 0.0 0 Reviews Write a Review Update Info Contacts Reviews Q&A Unverified Listing Hotel name Denjebuya Restaurant Address P.O.Box 8, Maitengwe , Botswana",Maitengwe,"Botswana Business Directory - Local Botswana Sign in + Get Listed Data Hub Botswana Maitengwe Restaurants Denjebuya Restaurant - Maitengwe, Botswana 0.0 0 Reviews Write a Review Update Info Contacts Reviews Q&A Unverified Listing Hotel name Denjebuya Restaurant Address P.O.Box 8",,,,,https://www.facebook.com/sharer/sharer.php?u=https%3A%2F%2Fwww.localbotswana.com%2Fcompany%2F307%2FDenjebuya_Restaurant,,,,,,,
logos\denjebuya-restaurant.jpg,Denjebuya Restaurant,"Botswana Business Directory - Local Botswana Sign in + Get Listed Data Hub Botswana Maitengwe Restaurants Denjebuya Restaurant - Maitengwe, Botswana 0.0 0 Reviews Write a Review Update Info Contacts Reviews Q&A Unverified Listing Hotel name Denjebuya Restaurant Address Maitengwe , Botswana",Botswana 0.0 0 Reviews Write a Review Update Info Contacts Reviews Q&A Unverified Listing Hotel name Denjebuya Restaurant Address Maitengwe,Botswana Business Directory - Local Botswana Sign in + Get Listed Data Hub Botswana Maitengwe Restaurants Denjebuya Restaurant - Maitengwe,,,,,https://www.facebook.com/sharer/sharer.php?u=https%3A%2F%2Fwww.localbotswana.com%2Fcompany%2F366%2FDenjebuya_Restaurant,,,,,,,
logos\desert-sands-motel-conferencing.jpg,Desert Sands Motel & Conferencing,"Botswana Business Directory - Local Botswana Sign in + Get Listed Data Hub Botswana Palapye Conferences Desert Sands Motel & Conferencing - Palapye, Botswana 0.0 0 Reviews Write a Review Update Info Contacts Reviews Q&A Unverified Listing Hotel name Desert Sands Motel & Conferencing Address Palapye , Botswana",Botswana 0.0 0 Reviews Write a Review Update Info Contacts Reviews Q&A Unverified Listing Hotel name Desert Sands Motel & Conferencing Address Palapye,Botswana Business Directory - Local Botswana Sign in + Get Listed Data Hub Botswana Palapye Conferences Desert Sands Motel & Conferencing - Palapye,+267 492 4400 +267 492 4360,,+267 492 4361,www.desertsandsmotel.com,https://www.facebook.com/sharer/sharer.php?u=https%3A%2F%2Fwww.localbotswana.com%2Fcompany%2F458%2FDesert_Sands_Motel_Conferencing,,,,,,,
logos\diamond-creek-spur.jpg,Diamond Creek Spur,"Botswana Business Directory - Local Botswana Sign in + Get Listed Data Hub Botswana Gaborone Restaurants Diamond Creek Spur - Gaborone, Botswana 0.0 0 Reviews Write a Review Update Info Contacts Reviews Q&A Unverified Listing Hotel name Diamond Creek Spur Address Plot 17945 Shop20 Kagiso Mall, Lekgarapa Rd, Gaborone , Botswana",Gaborone,"Botswana Business Directory - Local Botswana Sign in + Get Listed Data Hub Botswana Gaborone Restaurants Diamond Creek Spur - Gaborone, Botswana 0.0 0 Reviews Write a Review Update Info Contacts Reviews Q&A Unverified Listing Hotel name Diamond Creek Spur Address Plot 17945 Shop20 Kagiso Mall, Lekgarapa Rd",+267 730 1266,,+267 730 6512,,https://www.facebook.com/sharer/sharer.php?u=https%3A%2F%2Fwww.localbotswana.com%2Fcompany%2F332%2FDiamond_Creek_Spur,,,,,,,
logos\dijeng-restaurant.jpg,Dijeng Restaurant,"Botswana Business Directory - Local Botswana Sign in + Get Listed Data Hub Botswana Mochudi Restaurants Dijeng Restaurant - Mochudi, Botswana 0.0 0 Reviews Write a Review Update Info Contacts Reviews Q&A Unverified Listing Hotel name Dijeng Restaurant Address P.O.Box 1180, Mochudi , Botswana",Mochudi,"Botswana Business Directory - Local Botswana Sign in + Get Listed Data Hub Botswana Mochudi Restaurants Dijeng Restaurant - Mochudi, Botswana 0.0 0 Reviews Write a Review Update Info Contacts Reviews Q&A Unverified Listing Hotel name Dijeng Restaurant Address P.O.Box 1180",,,,,https://www.facebook.com/sharer/sharer.php?u=https%3A%2F%2Fwww.localbotswana.com%2Fcompany%2F295%2FDijeng_Restaurant,,,,,,,
logos\donna-cafe.jpg,Donna Cafe,"Botswana Business Directory - Local Botswana Sign in + Get Listed Data Hub Botswana Francistown Restaurants Donna Cafe - Francistown, Botswana 0.0 0 Reviews Write a Review Update Info Contacts Reviews Q&A Unverified Listing Hotel name Donna Cafe Address Plot 252 Unit 8 Light Industrial, P.O.Box 2100, Francistown , Botswana",Francistown,"Botswana Business Directory - Local Botswana Sign in + Get Listed Data Hub Botswana Francistown Restaurants Donna Cafe - Francistown, Botswana 0.0 0 Reviews Write a Review Update Info Contacts Reviews Q&A Unverified Listing Hotel name Donna Cafe Address Plot 252 Unit 8 Light Industrial, P.O.Box 2100",+267 241 4240,,,,https://www.facebook.com/sharer/sharer.php?u=https%3A%2F%2Fwww.localbotswana.com%2Fcompany%2F290%2FDonna_Cafe,,,,,,,
logos\dublin-arms-restaurant.jpg,Dublin Arms Restaurant,"Botswana Business Directory - Local Botswana Sign in + Get Listed Data Hub Botswana Restaurants Dublin Arms Restaurant - Botswana 0.0 0 Reviews Write a Review Update Info Contacts Reviews Q&A Unverified Listing Hotel name Dublin Arms Restaurant Address Cnr. Shakespeare & Valerdale St, Sedibeng, P.O.Box 99, Botswana",P.O.Box 99,"Botswana Business Directory - Local Botswana Sign in + Get Listed Data Hub Botswana Restaurants Dublin Arms Restaurant - Botswana 0.0 0 Reviews Write a Review Update Info Contacts Reviews Q&A Unverified Listing Hotel name Dublin Arms Restaurant Address Cnr. Shakespeare & Valerdale St, Sedibeng",+267 933 4821,,,,https://www.facebook.com/sharer/sharer.php?u=https%3A%2F%2Fwww.localbotswana.com%2Fcompany%2F372%2FDublin_Arms_Restaurant,,,,,,,
logos\dukwi-restaurant-and-butchery.jpg,Dukwi Restaurant And Butchery,"Botswana Business Directory - Local Botswana Sign in + Get Listed Data Hub Botswana Dukwi Restaurants Dukwi Restaurant And Butchery - Botswana 0.0 0 Reviews Write a Review Update Info Contacts Reviews Q&A Unverified Listing Hotel name Dukwi Restaurant And Butchery Address Along Main Road, P.O.Box 10186, Dukwi , Botswana",Dukwi,"Botswana Business Directory - Local Botswana Sign in + Get Listed Data Hub Botswana Dukwi Restaurants Dukwi Restaurant And Butchery - Botswana 0.0 0 Reviews Write a Review Update Info Contacts Reviews Q&A Unverified Listing Hotel name Dukwi Restaurant And Butchery Address Along Main Road, P.O.Box 10186",+267 297 7202,+267 7130 2186 +267 7130 2187,,,https://www.facebook.com/sharer/sharer.php?u=https%3A%2F%2Fwww.localbotswana.com%2Fcompany%2F302%2FDukwi_Restaurant_And_Butchery,,,,,,,
logos\eastern-flavours.jpg,Eastern Flavours,"Botswana Business Directory - Local Botswana Sign in + Get Listed Data Hub Botswana Gaborone Restaurants Eastern Flavours - Gaborone, Botswana 0.0 0 Reviews Write a Review Update Info Contacts Reviews Q&A Unverified Listing Hotel name Eastern Flavours Address Unit 1 Maru-A-Pula Shopping Ctr, Gaborone , Botswana",Gaborone,"Botswana Business Directory - Local Botswana Sign in + Get Listed Data Hub Botswana Gaborone Restaurants Eastern Flavours - Gaborone, Botswana 0.0 0 Reviews Write a Review Update Info Contacts Reviews Q&A Unverified Listing Hotel name Eastern Flavours Address Unit 1 Maru-A-Pula Shopping Ctr",,,,,https://www.facebook.com/sharer/sharer.php?u=https%3A%2F%2Fwww.localbotswana.com%2Fcompany%2F326%2FEastern_Flavours,,,,,,,
logos\ema-re-je.jpg,Ema Re Je,"Botswana Business Directory - Local Botswana Sign in + Get Listed Data Hub Botswana Maun Restaurants Ema Re Je - Maun, Botswana 0.0 0 Reviews Write a Review Update Info Contacts Reviews Q&A Unverified Listing Hotel name Ema Re Je Address Francistown Rd, P.O.Box 572, Maun , Botswana",Maun,"Botswana Business Directory - Local Botswana Sign in + Get Listed Data Hub Botswana Maun Restaurants Ema Re Je - Maun, Botswana 0.0 0 Reviews Write a Review Update Info Contacts Reviews Q&A Unverified Listing Hotel name Ema Re Je Address Francistown Rd, P.O.Box 572",,,,,https://www.facebook.com/sharer/sharer.php?u=https%3A%2F%2Fwww.localbotswana.com%2Fcompany%2F235%2FEma_Re_Je,,,,,,,
logos\equatorial-coffee-company.jpg,Equatorial Coffee Company,"Botswana Business Directory - Local Botswana Sign in + Get Listed Data Hub Botswana Gaborone Restaurants Equatorial Coffee Company - Gaborone, Botswana 0.0 0 Reviews Write a Review Update Info Contacts Reviews Q&A Unverified Listing Hotel name Equatorial Coffee Company Address Gaborone , Botswana",Botswana 0.0 0 Reviews Write a Review Update Info Contacts Reviews Q&A Unverified Listing Hotel name Equatorial Coffee Company Address Gaborone,Botswana Business Directory - Local Botswana Sign in + Get Listed Data Hub Botswana Gaborone Restaurants Equatorial Coffee Company - Gaborone,,,,,https://www.facebook.com/sharer/sharer.php?u=https%3A%2F%2Fwww.localbotswana.com%2Fcompany%2F422%2FEquatorial_Coffee_Company,,,,,,,
logos\fairground-holdings-pty-ltd-ta-botswana-conference-and-exhibition-centre.jpg,Fairground Holdings (Pty) Ltd t/a Botswana Conference and Exhibition Centre,"Private Bag BO3, Gaborone , Botswana",Gaborone,Private Bag BO3,+267 397 5555,,+267 390 4263,"www.fairgroundholdingsbw.com Working hours Monday: 07:00 - 17:00 Tuesday: 07:00 - 17:00 Wednesday: 07:00 - 17:00 Thursday: 07:00 - 17:00 Friday: 07:00 - 17:00 Saturday: 07:00 - 17:00 Sunday: Closed Company manager Gorata Gabaraane, Chief Executive Officer",https://www.facebook.com/sharer/sharer.php?u=https%3A%2F%2Fwww.localbotswana.com%2Fcompany%2F250%2FFairground_Holdings_pty_Ltd,,,,,,1986,"Fairground Holdings (Pty) Ltd is a citizen owned Botswana registered company incorporated on the 21st March 1986. The company is a subsidiary of the Botswana Development Corporation (BDC) with a 51% shareholding while the Botswana Government through its Ministry of Trade and Industry holds a 49% shareholding. Fairground Holdings (Pty) Ltd is a leading and largest business in the provision of a one-stop venue for Meetings, Incentives, Conferences and Exhibitions in Botswana; commonly and globally known as ââMICEââ sub-sector of the Tourism and Hospitality industry. The Companyâs mandate is: â¢ Host Fairs Exhibitions & Events â¢ Event Management Services â¢ Outside Catering Services â¢ Conferences and Meetings â¢ Banqueting â¢ Equipment Rental â¢ Open Space Rental"
logos\fishmonger-the-original.jpg,Fishmonger The Original,"Botswana Business Directory - Local Botswana Sign in + Get Listed Data Hub Botswana Gaborone Restaurants Fishmonger The Original - Gaborone, Botswana 0.0 0 Reviews Write a Review Update Info Contacts Reviews Q&A Unverified Listing Hotel name Fishmonger The Original Address Shop 106 Riverwalk, P.O.Box 1723, Gaborone , Botswana",Gaborone,"Botswana Business Directory - Local Botswana Sign in + Get Listed Data Hub Botswana Gaborone Restaurants Fishmonger The Original - Gaborone, Botswana 0.0 0 Reviews Write a Review Update Info Contacts Reviews Q&A Unverified Listing Hotel name Fishmonger The Original Address Shop 106 Riverwalk, P.O.Box 1723",+267 370 0117 +267 370 0118,,,,https://www.facebook.com/sharer/sharer.php?u=https%3A%2F%2Fwww.localbotswana.com%2Fcompany%2F334%2FFishmonger_The_Original,,,,,,,
logos\food-court-pty-ltd.jpg,Food Court (pty) Ltd,"Botswana Business Directory - Local Botswana Sign in + Get Listed Data Hub Botswana Gaborone Restaurants Food Court (pty) Ltd - Gaborone, Botswana 0.0 0 Reviews Write a Review Update Info Contacts Map Reviews Q&A Unverified Listing Restaurant name Food Court (pty) Ltd Address Unit 1 Palm Groove Pula Spar Shopping Complex Block 6, P.O.Box 1737, Gaborone , Botswana",Gaborone,"Botswana Business Directory - Local Botswana Sign in + Get Listed Data Hub Botswana Gaborone Restaurants Food Court (pty) Ltd - Gaborone, Botswana 0.0 0 Reviews Write a Review Update Info Contacts Map Reviews Q&A Unverified Listing Restaurant name Food Court (pty) Ltd Address Unit 1 Palm Groove Pula Spar Shopping Complex Block 6, P.O.Box 1737",+267 393 5456,+267 72101078,+267 393 5455 Working hours Monday: 10.30 am to 02.30 pm and 06.00 pm to 10.30 pm Tuesday: 10.30 am to 02.30 pm and 06.00 pm to 10.30 pm Wednesday: 10.30 am to 02.30 pm and 06.00 pm to 10.30 pm Thursday: 10.30 am to 02.30 pm and 06.00 pm to 10.30 pm Friday: 10.30 am to 02.30 pm and 06.00 pm to 10.30 pm Saturday: 10.30 am to 02.30 pm and 06.00 pm to 10.30 pm Sunday: 10.30 am to 02.30 pm and 06.00 pm to 10.30 pm Company manager Shima Ntshole,,https://www.facebook.com/sharer/sharer.php?u=https%3A%2F%2Fwww.localbotswana.com%2Fcompany%2F376%2FFood_Court_pty_Ltd,,,,,,2002,
logos\foodtown-pty-ltd.jpg,Foodtown (pty) Ltd,"Botswana Business Directory - Local Botswana Sign in + Get Listed Data Hub Botswana Gaborone Restaurants Foodtown (pty) Ltd - Gaborone, Botswana 0.0 0 Reviews Write a Review Update Info Contacts Reviews Q&A Unverified Listing Hotel name Foodtown (pty) Ltd Address Capitol Bldg, The Mall, P.O.Box 10079, Gaborone , Botswana",Gaborone,"Botswana Business Directory - Local Botswana Sign in + Get Listed Data Hub Botswana Gaborone Restaurants Foodtown (pty) Ltd - Gaborone, Botswana 0.0 0 Reviews Write a Review Update Info Contacts Reviews Q&A Unverified Listing Hotel name Foodtown (pty) Ltd Address Capitol Bldg, The Mall, P.O.Box 10079",,,,,https://www.facebook.com/sharer/sharer.php?u=https%3A%2F%2Fwww.localbotswana.com%2Fcompany%2F228%2FFoodtown_pty_Ltd,,,,,,,
logos\french-connection.jpg,French Connection,"Botswana Business Directory - Local Botswana Sign in + Get Listed Data Hub Botswana Maun Restaurants French Connection - Maun, Botswana 0.0 0 Reviews Write a Review Update Info Contacts Reviews Q&A Unverified Listing Hotel name French Connection Address Light Ind Sites, P.O.Box 20012, Maun , Botswana",Maun,"Botswana Business Directory - Local Botswana Sign in + Get Listed Data Hub Botswana Maun Restaurants French Connection - Maun, Botswana 0.0 0 Reviews Write a Review Update Info Contacts Reviews Q&A Unverified Listing Hotel name French Connection Address Light Ind Sites, P.O.Box 20012",+267 680 0625,,,,https://www.facebook.com/sharer/sharer.php?u=https%3A%2F%2Fwww.localbotswana.com%2Fcompany%2F393%2FFrench_Connection,,,,,,,
logos\fresh-corner.jpg,Fresh Corner,"Botswana Business Directory - Local Botswana Sign in + Get Listed Data Hub Botswana Kasane Cafes Fresh Corner - Kasane, Botswana Wholesome food and traditional dishes for busy locals. Fresh Corner 5.0 1 Review Fresh Corner plot 848 kasane(Chilwero RD) 73755726 https://www.localbotswana.com/img/site/default-business2.jpg Write a Review Update Info Contacts Map Reviews (1) Q&A Verified Listing +14 Years With Us Restaurant name Fresh Corner Address plot 848 kasane (Chilwero RD), Botswana",Botswana Wholesome food and traditional dishes for busy locals. Fresh Corner 5.0 1 Review Fresh Corner plot 848 kasane(Chilwero RD) 73755726 https://www.localbotswana.com/img/site/default-business2.jpg Write a Review Update Info Contacts Map Reviews (1) Q&A Verified Listing +14 Years With Us Restaurant name Fresh Corner Address plot 848 kasane (Chilwero RD),Botswana Business Directory - Local Botswana Sign in + Get Listed Data Hub Botswana Kasane Cafes Fresh Corner - Kasane,73755726,73755726,"6252733 Working hours Monday: 07:30-20:00 Tuesday: 07:30-20:00 Wednesday: 07:30-20:00 Thursday: 07:30-20:00 Friday: 07:30-20:00 Saturday: 07:30-20:00 Sunday: Closed Company manager Kaone, Sharon Autlwetse",,https://www.facebook.com/sharer/sharer.php?u=https%3A%2F%2Fwww.localbotswana.com%2Fcompany%2F13072%2FFresh_Corner,,,,,,2012,"Fresh Corner offers a unique menu and is one of the few places to eat out in Kasane. Unlike hotel restaurants and franchise restaurants, we offer fresh and wholesome food for people on the go. To mention a few, our menu consists of pizza, grills, confectionaries and a variety of the best coffees and milkshakes in town. We also take pride in our Traditional Dishes, prepared from the freshest ingredients"
logos\gaamangwe-restaurant-and-bottle-store.jpg,Gaamangwe Restaurant And Bottle Store,"Botswana Business Directory - Local Botswana Sign in + Get Listed Data Hub Botswana Kanye Food Retailers Gaamangwe Restaurant And Bottle Store - Kanye, Botswana 0.0 0 Reviews Write a Review Update Info Contacts Reviews Q&A Unverified Listing Hotel name Gaamangwe Restaurant And Bottle Store Address Tloung Ward, Main Rd, P.O.Box 267, Kanye , Botswana",Kanye,"Botswana Business Directory - Local Botswana Sign in + Get Listed Data Hub Botswana Kanye Food Retailers Gaamangwe Restaurant And Bottle Store - Kanye, Botswana 0.0 0 Reviews Write a Review Update Info Contacts Reviews Q&A Unverified Listing Hotel name Gaamangwe Restaurant And Bottle Store Address Tloung Ward, Main Rd, P.O.Box 267",+267 544 0437,,,,https://www.facebook.com/sharer/sharer.php?u=https%3A%2F%2Fwww.localbotswana.com%2Fcompany%2F229%2FGaamangwe_Restaurant_And_Bottle_Store,,,,,,,
logos\gatsby.jpg,Gatsby,"Botswana Business Directory - Local Botswana Sign in + Get Listed Data Hub Botswana Gaborone Restaurants Gatsby - Gaborone, Botswana 0.0 0 Reviews Write a Review Update Info Contacts Reviews Q&A Unverified Listing Hotel name Gatsby Address Gaborone , Botswana",Botswana 0.0 0 Reviews Write a Review Update Info Contacts Reviews Q&A Unverified Listing Hotel name Gatsby Address Gaborone,Botswana Business Directory - Local Botswana Sign in + Get Listed Data Hub Botswana Gaborone Restaurants Gatsby - Gaborone,,,,,https://www.facebook.com/sharer/sharer.php?u=https%3A%2F%2Fwww.localbotswana.com%2Fcompany%2F414%2FGatsby,,,,,,,
logos\general-refrigeration-pty-ltd.jpg,General Refrigeration (pty) Ltd,"Botswana Business Directory - Local Botswana Sign in + Get Listed Data Hub Botswana Gaborone General Office Services General Refrigeration (pty) Ltd - Gaborone, Botswana 0.0 0 Reviews Write a Review Update Info Contacts Reviews Q&A Unverified Listing Hotel name General Refrigeration (pty) Ltd Address Plot 1247, Haile Selassie Rd, Madirelo Ext 6, P.O.Box 1827, Gaborone , Botswana",Gaborone,"Botswana Business Directory - Local Botswana Sign in + Get Listed Data Hub Botswana Gaborone General Office Services General Refrigeration (pty) Ltd - Gaborone, Botswana 0.0 0 Reviews Write a Review Update Info Contacts Reviews Q&A Unverified Listing Hotel name General Refrigeration (pty) Ltd Address Plot 1247, Haile Selassie Rd, Madirelo Ext 6, P.O.Box 1827",+267 391 2283,,,,https://www.facebook.com/sharer/sharer.php?u=https%3A%2F%2Fwww.localbotswana.com%2Fcompany%2F477%2FGeneral_Refrigeration_pty_Ltd,,,,,,,
logos\georges-pub-grill.jpg,George's Pub & Grill,,,,,,,,https://www.facebook.com/sharer/sharer.php?u=https%3A%2F%2Fwww.localbotswana.com%2Fcompany%2F429%2FGeorges_Pub_Grill,,,,,,,
logos\giavanos-restaurant-ta-pioneer-stationery-bookshop.jpg,Giavano's Restaurant T/a Pioneer Stationery Bookshop,"Plot 86567 Main Mall, Selebi-Phikwe, P.O.Box 64, Botswana",P.O.Box 64,"Plot 86567 Main Mall, Selebi-Phikwe",+267 261 5999 +267 261 0590,+267 7155 5944,,,https://www.facebook.com/sharer/sharer.php?u=https%3A%2F%2Fwww.localbotswana.com%2Fcompany%2F313%2FGiavanos_Restaurant_Ta_Pioneer_Stationery_Bookshop,,,,,,,
logos\giavanos-pizzeria-restaurant.jpg,Giavanos Pizzeria & Restaurant,"Botswana Business Directory - Local Botswana Sign in + Get Listed Data Hub Botswana Restaurants Giavanos Pizzeria & Restaurant - Botswana 0.0 0 Reviews Write a Review Update Info Contacts Reviews Q&A (1) Unverified Listing Hotel name Giavanos Pizzeria & Restaurant Address Opp Engen Filling Station, Selebi-Phikwe, P.O.Box 64, Botswana",P.O.Box 64,"Botswana Business Directory - Local Botswana Sign in + Get Listed Data Hub Botswana Restaurants Giavanos Pizzeria & Restaurant - Botswana 0.0 0 Reviews Write a Review Update Info Contacts Reviews Q&A (1) Unverified Listing Hotel name Giavanos Pizzeria & Restaurant Address Opp Engen Filling Station, Selebi-Phikwe",+267 261 5999,+267 7191 6007,,,https://www.facebook.com/sharer/sharer.php?u=https%3A%2F%2Fwww.localbotswana.com%2Fcompany%2F434%2FGiavanos_Pizzeria_Restaurant,,,,,,,
logos\green-pastures-general-dealer-bar-butchery.jpg,"Green Pastures General Dealer, Bar & Butchery","Madiba Rd, P.O.Box 1119, Mahalapye , Botswana",Mahalapye,"Madiba Rd, P.O.Box 1119",,,,,https://www.facebook.com/sharer/sharer.php?u=https%3A%2F%2Fwww.localbotswana.com%2Fcompany%2F237%2FGreen_Pastures_General_DealerBar_Butchery,,,,,,,
logos\grill-master.jpg,Grill Master,"Botswana Business Directory - Local Botswana Sign in + Get Listed Data Hub Botswana Restaurants Grill Master - Botswana 0.0 0 Reviews Write a Review Update Info Contacts Reviews Q&A Unverified Listing Hotel name Grill Master Address Shop No 1 Tshekedi Drive Susan Bldg Main Mall, Selebi-Phikwe, P.O.Box 64, Botswana",P.O.Box 64,"Botswana Business Directory - Local Botswana Sign in + Get Listed Data Hub Botswana Restaurants Grill Master - Botswana 0.0 0 Reviews Write a Review Update Info Contacts Reviews Q&A Unverified Listing Hotel name Grill Master Address Shop No 1 Tshekedi Drive Susan Bldg Main Mall, Selebi-Phikwe",+267 261 4300 +267 261 3311,+267 7138 4999,,,https://www.facebook.com/sharer/sharer.php?u=https%3A%2F%2Fwww.localbotswana.com%2Fcompany%2F312%2FGrill_Master,,,,,,,
logos\group-4-services.jpg,Group 4 Services,"Botswana Business Directory - Local Botswana Sign in + Get Listed Data Hub Botswana Gaborone Restaurants Group 4 Services - Gaborone, Botswana 0.0 0 Reviews Write a Review Update Info Contacts Reviews Q&A Unverified Listing Hotel name Group 4 Services Address Plot 20584, Western Bypass, P.O.Box 1488, Gaborone , Botswana",Gaborone,"Botswana Business Directory - Local Botswana Sign in + Get Listed Data Hub Botswana Gaborone Restaurants Group 4 Services - Gaborone, Botswana 0.0 0 Reviews Write a Review Update Info Contacts Reviews Q&A Unverified Listing Hotel name Group 4 Services Address Plot 20584, Western Bypass, P.O.Box 1488",+267 390 1266,,,,https://www.facebook.com/sharer/sharer.php?u=https%3A%2F%2Fwww.localbotswana.com%2Fcompany%2F325%2FGroup_4_Services,,,,,,,
logos\highland-restaurant-and-store.jpg,Highland Restaurant And Store,"Botswana Business Directory - Local Botswana Sign in + Get Listed Data Hub Botswana Kanye Restaurants Highland Restaurant And Store - Kanye, Botswana 0.0 0 Reviews Write a Review Update Info Contacts Reviews Q&A Unverified Listing Hotel name Highland Restaurant And Store Address Plot 36132 Main Rd Highland, P.O.Box 264, Kanye , Botswana",Kanye,"Botswana Business Directory - Local Botswana Sign in + Get Listed Data Hub Botswana Kanye Restaurants Highland Restaurant And Store - Kanye, Botswana 0.0 0 Reviews Write a Review Update Info Contacts Reviews Q&A Unverified Listing Hotel name Highland Restaurant And Store Address Plot 36132 Main Rd Highland, P.O.Box 264",,,,,https://www.facebook.com/sharer/sharer.php?u=https%3A%2F%2Fwww.localbotswana.com%2Fcompany%2F232%2FHighland_Restaurant_And_Store,,,,,,,
logos\highway-filling-station-and-restaurant.jpg,Highway Filling Station And Restaurant,"Botswana Business Directory - Local Botswana Sign in + Get Listed Data Hub Botswana Letlhakane Restaurants Highway Filling Station And Restaurant - Letlhakane, Botswana 0.0 0 Reviews Write a Review Update Info Contacts Reviews Q&A Unverified Listing Hotel name Highway Filling Station And Restaurant Address Along Orapa Ward, Letlhakane , Botswana",Letlhakane,"Botswana Business Directory - Local Botswana Sign in + Get Listed Data Hub Botswana Letlhakane Restaurants Highway Filling Station And Restaurant - Letlhakane, Botswana 0.0 0 Reviews Write a Review Update Info Contacts Reviews Q&A Unverified Listing Hotel name Highway Filling Station And Restaurant Address Along Orapa Ward",+267 297 8289,+267 7132 1858,,,https://www.facebook.com/sharer/sharer.php?u=https%3A%2F%2Fwww.localbotswana.com%2Fcompany%2F267%2FHighway_Filling_Station_And_Restaurant,,,,,,,
logos\hilarys-coffee-shop.jpg,Hilary's Coffee Shop,"Botswana Business Directory - Local Botswana Sign in + Get Listed Data Hub Botswana Maun Restaurants Hilary's Coffee Shop - Maun, Botswana Hilary's Coffee Shop 5.0 1 Review Hilary's Coffee Shop +267 686 1610 https://www.localbotswana.com/img/site/default-business2.jpg Write a Review Update Info Contacts Reviews (1) Q&A (1) Unverified Listing Hotel name Hilary's Coffee Shop Address Maun , Botswana",Botswana Hilary's Coffee Shop 5.0 1 Review Hilary's Coffee Shop +267 686 1610 https://www.localbotswana.com/img/site/default-business2.jpg Write a Review Update Info Contacts Reviews (1) Q&A (1) Unverified Listing Hotel name Hilary's Coffee Shop Address Maun,Botswana Business Directory - Local Botswana Sign in + Get Listed Data Hub Botswana Maun Restaurants Hilary's Coffee Shop - Maun,,,,,https://www.facebook.com/sharer/sharer.php?u=https%3A%2F%2Fwww.localbotswana.com%2Fcompany%2F409%2FHilarys_Coffee_Shop,,,,,,,
logos\hot-pot-takeaway.jpg,Hot Pot Takeaway,"Botswana Business Directory - Local Botswana Sign in + Get Listed Data Hub Botswana Gaborone Restaurants Hot Pot Takeaway - Gaborone, Botswana 0.0 0 Reviews Write a Review Update Info Contacts Reviews Q&A Unverified Listing Hotel name Hot Pot Takeaway Address Plot 1283, Old Lobatse Rd, Gaborone , Botswana",Gaborone,"Botswana Business Directory - Local Botswana Sign in + Get Listed Data Hub Botswana Gaborone Restaurants Hot Pot Takeaway - Gaborone, Botswana 0.0 0 Reviews Write a Review Update Info Contacts Reviews Q&A Unverified Listing Hotel name Hot Pot Takeaway Address Plot 1283, Old Lobatse Rd",+267 395 7086,,,,https://www.facebook.com/sharer/sharer.php?u=https%3A%2F%2Fwww.localbotswana.com%2Fcompany%2F209%2FHot_Pot_Takeaway,,,,,,,
logos\house-of-foods.jpg,House Of Foods,"Botswana Business Directory - Local Botswana Sign in + Get Listed Data Hub Botswana Gaborone Restaurants House Of Foods - Gaborone, Botswana 0.0 0 Reviews Write a Review Update Info Contacts Reviews Q&A Unverified Listing Hotel name House Of Foods Address Shop 84 Game City, P.O.Box 1431, Gaborone , Botswana",Gaborone,"Botswana Business Directory - Local Botswana Sign in + Get Listed Data Hub Botswana Gaborone Restaurants House Of Foods - Gaborone, Botswana 0.0 0 Reviews Write a Review Update Info Contacts Reviews Q&A Unverified Listing Hotel name House Of Foods Address Shop 84 Game City, P.O.Box 1431",+267 391 0787,,,,https://www.facebook.com/sharer/sharer.php?u=https%3A%2F%2Fwww.localbotswana.com%2Fcompany%2F385%2FHouse_Of_Foods,,,,,,,
logos\hungry-lion.jpg,Hungry Lion,"Botswana Business Directory - Local Botswana Sign in + Get Listed Data Hub Botswana Gaborone Restaurants Hungry Lion - Gaborone, Botswana 0.0 0 Reviews Write a Review Update Info Contacts Reviews Q&A (1) Unverified Listing Hotel name Hungry Lion Address Plot 1094 Ext3 Embassy Chmbrs, P.O.Box 259, Gaborone , Botswana",Gaborone,"Botswana Business Directory - Local Botswana Sign in + Get Listed Data Hub Botswana Gaborone Restaurants Hungry Lion - Gaborone, Botswana 0.0 0 Reviews Write a Review Update Info Contacts Reviews Q&A (1) Unverified Listing Hotel name Hungry Lion Address Plot 1094 Ext3 Embassy Chmbrs, P.O.Box 259",+267 317 0713,,,,https://www.facebook.com/sharer/sharer.php?u=https%3A%2F%2Fwww.localbotswana.com%2Fcompany%2F377%2FHungry_Lion,,,,,,,
logos\hungry-lion-take-aways.jpg,Hungry Lion Take Aways,"Botswana Business Directory - Local Botswana Sign in + Get Listed Data Hub Botswana Gaborone Restaurants Hungry Lion Take Aways - Gaborone, Botswana 0.0 0 Reviews Write a Review Update Info Contacts Reviews Q&A Unverified Listing Hotel name Hungry Lion Take Aways Address Plot 4933 Shoprite Complex, Station Rd, Madirelo Ext 6, Gaborone , Botswana",Gaborone,"Botswana Business Directory - Local Botswana Sign in + Get Listed Data Hub Botswana Gaborone Restaurants Hungry Lion Take Aways - Gaborone, Botswana 0.0 0 Reviews Write a Review Update Info Contacts Reviews Q&A Unverified Listing Hotel name Hungry Lion Take Aways Address Plot 4933 Shoprite Complex, Station Rd, Madirelo Ext 6",,,,,https://www.facebook.com/sharer/sharer.php?u=https%3A%2F%2Fwww.localbotswana.com%2Fcompany%2F210%2FHungry_Lion_Take_Aways,,,,,,,
logos\hunters-pubgrill.jpg,Hunters Pub&Grill,"Botswana Business Directory - Local Botswana Sign in + Get Listed Data Hub Botswana Kasane Cookery Hunters Pub&Grill - Kasane, Botswana Casual dining spot for great food and drinks. 0.0 0 Reviews Write a Review Update Info Contacts Reviews Q&A Verified Listing +12 Years With Us Restaurant name Hunters Pub&Grill Address P O Box 358, Kasane , Botswana",Kasane,"Botswana Business Directory - Local Botswana Sign in + Get Listed Data Hub Botswana Kasane Cookery Hunters Pub&Grill - Kasane, Botswana Casual dining spot for great food and drinks. 0.0 0 Reviews Write a Review Update Info Contacts Reviews Q&A Verified Listing +12 Years With Us Restaurant name Hunters Pub&Grill Address P O Box 358",6251087,73755726 Working hours Monday: 8.30-21.30 Tuesday: 8.30-21.30 Wednesday: 8.30-21.30 Thursday: 8.30-21.30 Friday: 8.30-22.00 Saturday: 8.30-22.00 Sunday: 10.30-9.30 Company manager Kaone Autlwetse,,,https://www.facebook.com/sharer/sharer.php?u=https%3A%2F%2Fwww.localbotswana.com%2Fcompany%2F13627%2FHunters_PubGrill,,,,,,2014,Pub and Grill Restaurant
logos\innisfree-apartments.jpg,Innisfree Apartments,"Botswana Business Directory - Local Botswana Sign in + Get Listed Data Hub Botswana Gaborone Conferences Innisfree Apartments - Gaborone, Botswana 0.0 0 Reviews Write a Review Update Info Contacts Reviews Q&A Unverified Listing Hotel name Innisfree Apartments Address Plot 5004 Boteti Rd, Village, P.O.Box 301294, Gaborone , Botswana",Gaborone,"Botswana Business Directory - Local Botswana Sign in + Get Listed Data Hub Botswana Gaborone Conferences Innisfree Apartments - Gaborone, Botswana 0.0 0 Reviews Write a Review Update Info Contacts Reviews Q&A Unverified Listing Hotel name Innisfree Apartments Address Plot 5004 Boteti Rd, Village, P.O.Box 301294",+267 395 3603,,,,https://www.facebook.com/sharer/sharer.php?u=https%3A%2F%2Fwww.localbotswana.com%2Fcompany%2F457%2FInnisfree_Apartments,,,,,,,
logos\international-restaurant-butchery.jpg,International Restaurant & Butchery,"Botswana Business Directory - Local Botswana Sign in + Get Listed Data Hub Botswana Restaurants International Restaurant & Butchery - Botswana 0.0 0 Reviews Write a Review Update Info Contacts Reviews Q&A Unverified Listing Hotel name International Restaurant & Butchery Address Botshabe, Selebi-Phikwe, P.O.Box 10010, Botswana",P.O.Box 10010,"Botswana Business Directory - Local Botswana Sign in + Get Listed Data Hub Botswana Restaurants International Restaurant & Butchery - Botswana 0.0 0 Reviews Write a Review Update Info Contacts Reviews Q&A Unverified Listing Hotel name International Restaurant & Butchery Address Botshabe, Selebi-Phikwe",+267 261 0868,+267 7244 9924,,,https://www.facebook.com/sharer/sharer.php?u=https%3A%2F%2Fwww.localbotswana.com%2Fcompany%2F231%2FInternational_Restaurant_Butchery,,,,,,,
logos\ipeleng-restaurant-small-general-dealers.jpg,Ipeleng Restaurant & Small General Dealers,"P.O.Box 78, Molepolole , Botswana",Molepolole,P.O.Box 78,,,,,https://www.facebook.com/sharer/sharer.php?u=https%3A%2F%2Fwww.localbotswana.com%2Fcompany%2F230%2FIpeleng_Restaurant_Small_General_Dealers,,,,,,,
logos\j-r-restaurant.jpg,J & R Restaurant,"Botswana Business Directory - Local Botswana Sign in + Get Listed Data Hub Botswana Lobatse Restaurants J & R Restaurant - Lobatse, Botswana 0.0 0 Reviews Write a Review Update Info Contacts Reviews Q&A Unverified Listing Hotel name J & R Restaurant Address Opposite BMC, P.O.Box 256, Lobatse , Botswana",Lobatse,"Botswana Business Directory - Local Botswana Sign in + Get Listed Data Hub Botswana Lobatse Restaurants J & R Restaurant - Lobatse, Botswana 0.0 0 Reviews Write a Review Update Info Contacts Reviews Q&A Unverified Listing Hotel name J & R Restaurant Address Opposite BMC, P.O.Box 256",,,,,https://www.facebook.com/sharer/sharer.php?u=https%3A%2F%2Fwww.localbotswana.com%2Fcompany%2F408%2FJ_R_Restaurant,,,,,,,
logos\j-bs-kitchen.jpg,J B's Kitchen,"Botswana Business Directory - Local Botswana Sign in + Get Listed Data Hub Botswana Gaborone Restaurants J B's Kitchen - Gaborone, Botswana 0.0 0 Reviews Write a Review Update Info Contacts Reviews Q&A Unverified Listing Hotel name J B's Kitchen Address Plot 14405 next to Kwena Concrete, Gaborone West, P.O.Box 404849, Botswana",P.O.Box 404849,"Botswana Business Directory - Local Botswana Sign in + Get Listed Data Hub Botswana Gaborone Restaurants J B's Kitchen - Gaborone, Botswana 0.0 0 Reviews Write a Review Update Info Contacts Reviews Q&A Unverified Listing Hotel name J B's Kitchen Address Plot 14405 next to Kwena Concrete, Gaborone West",,,,,https://www.facebook.com/sharer/sharer.php?u=https%3A%2F%2Fwww.localbotswana.com%2Fcompany%2F211%2FJ_Bs_Kitchen,,,,,,,
logos\jade-palace.jpg,Jade Palace,"Botswana Business Directory - Local Botswana Sign in + Get Listed Data Hub Botswana Gaborone Restaurants Jade Palace - Gaborone, Botswana 0.0 0 Reviews Write a Review Update Info Contacts Reviews Q&A Unverified Listing Hotel name Jade Palace Address Plot 54017 Phase4, Gaborone West, Botswana",Gaborone West,"Botswana Business Directory - Local Botswana Sign in + Get Listed Data Hub Botswana Gaborone Restaurants Jade Palace - Gaborone, Botswana 0.0 0 Reviews Write a Review Update Info Contacts Reviews Q&A Unverified Listing Hotel name Jade Palace Address Plot 54017 Phase4",,,,,https://www.facebook.com/sharer/sharer.php?u=https%3A%2F%2Fwww.localbotswana.com%2Fcompany%2F383%2FJade_Palace,,,,,,,
logos\jarateng-lounge.jpg,Jarateng Lounge,"Botswana Business Directory - Local Botswana Sign in + Get Listed Data Hub Botswana Gaborone Catering Jarateng Lounge - Gaborone, Botswana BBQ eatery offering onsite meals and catering services. 0.0 0 Reviews Write a Review Update Info Contacts Map Reviews Q&A Products (1) Verified Listing +7 Years With Us Restaurant name Jarateng Lounge Address 50682, Kaunda Drive, White City, Gaborone , Botswana",Gaborone,"Botswana Business Directory - Local Botswana Sign in + Get Listed Data Hub Botswana Gaborone Catering Jarateng Lounge - Gaborone, Botswana BBQ eatery offering onsite meals and catering services. 0.0 0 Reviews Write a Review Update Info Contacts Map Reviews Q&A Products (1) Verified Listing +7 Years With Us Restaurant name Jarateng Lounge Address 50682, Kaunda Drive, White City",0026771415320,0026771415321,,www.jarateng.com Working hours Monday: 0900-2300 Tuesday: 0900-2300 Wednesday: 0900-2300 Thursday: 0900-2300 Friday: 0900-2300 Saturday: 0900-2300 Sunday: 0900-2300,https://www.facebook.com/sharer/sharer.php?u=https%3A%2F%2Fwww.localbotswana.com%2Fcompany%2F15051%2FJarateng_Lounge,,,,,,2018,"Jarateng is a Backyard BBQ inspired Eatery that offers onsite meals as well as outside catering Our Menu covers Braai, Traditional West African and Tswana Food as well as American Style BBQ Meals such as Pulled Pork, Smoked Brisket"
logos\k-and-i-enterprise-pty-ltd.jpg,K And I Enterprise (pty) Ltd,"Botswana Business Directory - Local Botswana Sign in + Get Listed Data Hub Botswana Kasane Restaurants K And I Enterprise (pty) Ltd - Kasane, Botswana 0.0 0 Reviews Write a Review Update Info Contacts Reviews Q&A Unverified Listing Hotel name K And I Enterprise (pty) Ltd Address Cosy Care Bldg Shop 2, Kasane , Botswana",Kasane,"Botswana Business Directory - Local Botswana Sign in + Get Listed Data Hub Botswana Kasane Restaurants K And I Enterprise (pty) Ltd - Kasane, Botswana 0.0 0 Reviews Write a Review Update Info Contacts Reviews Q&A Unverified Listing Hotel name K And I Enterprise (pty) Ltd Address Cosy Care Bldg Shop 2",+267 625 0600,,,,https://www.facebook.com/sharer/sharer.php?u=https%3A%2F%2Fwww.localbotswana.com%2Fcompany%2F431%2FK_And_I_Enterprise_pty_Ltd,,,,,,,
logos\k-f-c.jpg,K F C,"Botswana Business Directory - Local Botswana Sign in + Get Listed Data Hub Botswana Gaborone Restaurants K F C - Gaborone, Botswana 0.0 0 Reviews Write a Review Update Info Contacts Reviews Q&A Unverified Listing Hotel name K F C Address African Mall, Sechele Rd, P.O.Box 21337, Gaborone , Botswana",Gaborone,"Botswana Business Directory - Local Botswana Sign in + Get Listed Data Hub Botswana Gaborone Restaurants K F C - Gaborone, Botswana 0.0 0 Reviews Write a Review Update Info Contacts Reviews Q&A Unverified Listing Hotel name K F C Address African Mall, Sechele Rd, P.O.Box 21337",+267 391 4165,,,,https://www.facebook.com/sharer/sharer.php?u=https%3A%2F%2Fwww.localbotswana.com%2Fcompany%2F239%2FK_F_C,,,,,,,
logos\kalahari-arms-hotel.jpg,Kalahari Arms Hotel,"Botswana Business Directory - Local Botswana Sign in + Get Listed Data Hub Botswana Ghanzi Conferences Kalahari Arms Hotel - Ghanzi, Botswana 0.0 0 Reviews Write a Review Update Info Contacts Reviews Q&A Unverified Listing Hotel name Kalahari Arms Hotel Address Town Centre next to Metro, P.O.Box 29, Ghanzi , Botswana",Ghanzi,"Botswana Business Directory - Local Botswana Sign in + Get Listed Data Hub Botswana Ghanzi Conferences Kalahari Arms Hotel - Ghanzi, Botswana 0.0 0 Reviews Write a Review Update Info Contacts Reviews Q&A Unverified Listing Hotel name Kalahari Arms Hotel Address Town Centre next to Metro, P.O.Box 29",+267 659 6298 +267 659 6532,,,,https://www.facebook.com/sharer/sharer.php?u=https%3A%2F%2Fwww.localbotswana.com%2Fcompany%2F31%2FKalahari_Arms_Hotel,,,,,,,
logos\kalahari-flying-club.jpg,Kalahari Flying Club,"Botswana Business Directory - Local Botswana Sign in + Get Listed Data Hub Botswana Gaborone Restaurants Kalahari Flying Club - Gaborone, Botswana 0.0 0 Reviews Write a Review Update Info Contacts Reviews Q&A (2) Unverified Listing Hotel name Kalahari Flying Club Address Along the Airport Road., Gaborone , Botswana",Gaborone,"Botswana Business Directory - Local Botswana Sign in + Get Listed Data Hub Botswana Gaborone Restaurants Kalahari Flying Club - Gaborone, Botswana 0.0 0 Reviews Write a Review Update Info Contacts Reviews Q&A (2) Unverified Listing Hotel name Kalahari Flying Club Address Along the Airport Road.",+267 391 3573,,,,https://www.facebook.com/sharer/sharer.php?u=https%3A%2F%2Fwww.localbotswana.com%2Fcompany%2F248%2FKalahari_Flying_Club,,,,,,,
logos\kamps-investment-pty-ltd.jpg,Kamps Investment (pty) Ltd,"Botswana Business Directory - Local Botswana Sign in + Get Listed Data Hub Botswana Ghanzi Restaurants Kamps Investment (pty) Ltd - Ghanzi, Botswana 0.0 0 Reviews Write a Review Update Info Contacts Reviews Q&A Unverified Listing Hotel name Kamps Investment (pty) Ltd Address Plot 832 Tshola Ozwee Complex, P.O.Box 142, Ghanzi , Botswana",Ghanzi,"Botswana Business Directory - Local Botswana Sign in + Get Listed Data Hub Botswana Ghanzi Restaurants Kamps Investment (pty) Ltd - Ghanzi, Botswana 0.0 0 Reviews Write a Review Update Info Contacts Reviews Q&A Unverified Listing Hotel name Kamps Investment (pty) Ltd Address Plot 832 Tshola Ozwee Complex, P.O.Box 142",+267 659 6609,,,,https://www.facebook.com/sharer/sharer.php?u=https%3A%2F%2Fwww.localbotswana.com%2Fcompany%2F283%2FKamps_Investment_pty_Ltd,,,,,,,
logos\kaytees-restaurant.jpg,Kaytees Restaurant,"Botswana Business Directory - Local Botswana Sign in + Get Listed Data Hub Botswana Mahalapye Restaurants Kaytees Restaurant - Mahalapye, Botswana 0.0 0 Reviews Write a Review Update Info Contacts Map Reviews Q&A Verified Listing Hotel name Kaytees Restaurant Address Gaborone Rd, P.O.Box 23, Mahalapye , Botswana",Mahalapye,"Botswana Business Directory - Local Botswana Sign in + Get Listed Data Hub Botswana Mahalapye Restaurants Kaytees Restaurant - Mahalapye, Botswana 0.0 0 Reviews Write a Review Update Info Contacts Map Reviews Q&A Verified Listing Hotel name Kaytees Restaurant Address Gaborone Rd, P.O.Box 23",+267 471 0795,+26771303459,+267 471 0795 Working hours Monday: 6 am-10pm Tuesday: 6 am-10pm Wednesday: 6 am-10pm Thursday: 6 am-10pm Friday: 6 am-11pm Saturday: 6 am-11pm Sunday: 6 am-10pm Company manager Aggrey Moletsane,,https://www.facebook.com/sharer/sharer.php?u=https%3A%2F%2Fwww.localbotswana.com%2Fcompany%2F252%2FKaytees_Restaurant,,,,,,1980,
logos\kfc.jpg,KFC,"Botswana Business Directory - Local Botswana Sign in + Get Listed Data Hub Botswana Gaborone Restaurants KFC - Kudu - Gaborone, Botswana Delicious chicken served with care for everyone's enjoyment. 0.0 0 Reviews Write a Review Update Info Contacts Map Reviews Q&A (3) Verified Listing Hotel name KFC - Kudu Address Queens Road, Main Mall, Gaborone , Botswana",Gaborone,"Botswana Business Directory - Local Botswana Sign in + Get Listed Data Hub Botswana Gaborone Restaurants KFC - Kudu - Gaborone, Botswana Delicious chicken served with care for everyone's enjoyment. 0.0 0 Reviews Write a Review Update Info Contacts Map Reviews Q&A (3) Verified Listing Hotel name KFC - Kudu Address Queens Road, Main Mall",+267 390 0895,,+267 390 0895,www.kfc.com Working hours Monday: 08:00 - 22:00 Tuesday: 08:00 - 22:00 Wednesday: 08:00 - 22:00 Thursday: 08:00 - 22:00 Friday: 08:00 - 22:00 Saturday: 08:00 - 22:00 Sunday: 08:00 - 22:00,https://www.facebook.com/sharer/sharer.php?u=https%3A%2F%2Fwww.localbotswana.com%2Fcompany%2F303%2FK_F_C,,,,,,,"For the past 40 years, KFC has brought you the great tasting chicken you know and love. We serve over 20 million customers a month and we want to make sure that everyone enjoys our food. We have thousands of people working hard behind the scenes to make sure that every meal you have is a delicious one. Meet just some of the people responsible for bringing you the finger lickinâ good taste of KFC"
logos\kfc.jpg,KFC,"Botswana Business Directory - Local Botswana Sign in + Get Listed Data Hub Botswana Gaborone Restaurants KFC - Game City Mall - Gaborone, Botswana Delicious chicken served fast in Gaborone's Game City Mall. KFC - Game City Mall 2.0 1 Review KFC - Game City Mall Plot 16740, Old Lobatse Rd, Gaborone West I/Est, P.O.Box 21337 +267 391 9522 https://www.localbotswana.com/img/bw/x/_1608231461-11-kfc-game-city-mall.jpg Write a Review Update Info Contacts Map Reviews (1) Q&A (4) Verified Listing Hotel name KFC - Game City Mall Address Plot 16740, Old Lobatse Rd, Gaborone West I/Est, P.O.Box 21337, Botswana",P.O.Box 21337,"Botswana Business Directory - Local Botswana Sign in + Get Listed Data Hub Botswana Gaborone Restaurants KFC - Game City Mall - Gaborone, Botswana Delicious chicken served fast in Gaborone's Game City Mall. KFC - Game City Mall 2.0 1 Review KFC - Game City Mall Plot 16740, Old Lobatse Rd, Gaborone West I/Est, P.O.Box 21337 +267 391 9522 https://www.localbotswana.com/img/bw/x/_1608231461-11-kfc-game-city-mall.jpg Write a Review Update Info Contacts Map Reviews (1) Q&A (4) Verified Listing Hotel name KFC - Game City Mall Address Plot 16740, Old Lobatse Rd, Gaborone West I/Est",+267 391 9522,,+267 391 9522,www.kfc.com Working hours Monday: 09:00 - 22:00 Tuesday: 09:00 - 22:00 Wednesday: 09:00 - 22:00 Thursday: 09:00 - 22:00 Friday: 09:00 - 22:00 Saturday: 09:00 - 22:00 Sunday: 09:00 - 22:00,https://www.facebook.com/sharer/sharer.php?u=https%3A%2F%2Fwww.localbotswana.com%2Fcompany%2F381%2FK_F_C%2F,,,,,,,"For the past 40 years, KFC has brought you the great tasting chicken you know and love. We serve over 20 million customers a month and we want to make sure that everyone enjoys our food. We have thousands of people working hard behind the scenes to make sure that every meal you have is a delicious one. Meet just some of the people responsible for bringing you the finger lickinâ good taste of KFC"
logos\kfc-francistown.jpg,KFC Francistown,"Botswana Business Directory - Local Botswana Sign in + Get Listed Data Hub Botswana Francistown Restaurants KFC Francistown - Botswana Delicious chicken served with care in Francistown. 0.0 0 Reviews Write a Review Update Info Contacts Map Reviews Q&A (1) Verified Listing Hotel name KFC Francistown Address Shoprite Shopping Complex Shop 2 Blue Jacket St, Francistown , Botswana",Francistown,Botswana Business Directory - Local Botswana Sign in + Get Listed Data Hub Botswana Francistown Restaurants KFC Francistown - Botswana Delicious chicken served with care in Francistown. 0.0 0 Reviews Write a Review Update Info Contacts Map Reviews Q&A (1) Verified Listing Hotel name KFC Francistown Address Shoprite Shopping Complex Shop 2 Blue Jacket St,+267 241 5888,,+267 241 7812,www.kfc.com Working hours Monday: 06:00 - 22:00 Tuesday: 06:00 - 22:00 Wednesday: 06:00 - 22:00 Thursday: 06:00 - 22:00 Friday: 06:00 - 22:00 Saturday: 06:00 - 22:00 Sunday: 06:00 - 22:00,https://www.facebook.com/sharer/sharer.php?u=https%3A%2F%2Fwww.localbotswana.com%2Fcompany%2F306%2FK_F_C_Francistown,,,,,,,"For the past 40 years, KFC has brought you the great tasting chicken you know and love. We serve over 20 million customers a month and we want to make sure that everyone enjoys our food. We have thousands of people working hard behind the scenes to make sure that every meal you have is a delicious one. Meet just some of the people responsible for bringing you the finger lickinâ good taste of KFC"
logos\kgalagadi-restaurant.jpg,Kgalagadi Restaurant,"Botswana Business Directory - Local Botswana Sign in + Get Listed Data Hub Botswana Letlhakane Restaurants Kgalagadi Restaurant - Letlhakane, Botswana 0.0 0 Reviews Write a Review Update Info Contacts Reviews Q&A Unverified Listing Hotel name Kgalagadi Restaurant Address P.O.Box 113, Letlhakane , Botswana",Letlhakane,"Botswana Business Directory - Local Botswana Sign in + Get Listed Data Hub Botswana Letlhakane Restaurants Kgalagadi Restaurant - Letlhakane, Botswana 0.0 0 Reviews Write a Review Update Info Contacts Reviews Q&A Unverified Listing Hotel name Kgalagadi Restaurant Address P.O.Box 113",,,,,https://www.facebook.com/sharer/sharer.php?u=https%3A%2F%2Fwww.localbotswana.com%2Fcompany%2F281%2FKgalagadi_Restaurant,,,,,,,
logos\kgolagano-restaurant.jpg,Kgolagano Restaurant,"Botswana Business Directory - Local Botswana Sign in + Get Listed Data Hub Botswana Mochudi Restaurants Kgolagano Restaurant - Mochudi, Botswana 0.0 0 Reviews Write a Review Update Info Contacts Reviews Q&A Unverified Listing Hotel name Kgolagano Restaurant Address Nthinge Ward, P.O.Box 20651, Mochudi , Botswana",Mochudi,"Botswana Business Directory - Local Botswana Sign in + Get Listed Data Hub Botswana Mochudi Restaurants Kgolagano Restaurant - Mochudi, Botswana 0.0 0 Reviews Write a Review Update Info Contacts Reviews Q&A Unverified Listing Hotel name Kgolagano Restaurant Address Nthinge Ward, P.O.Box 20651",+267 577 7227,,,,https://www.facebook.com/sharer/sharer.php?u=https%3A%2F%2Fwww.localbotswana.com%2Fcompany%2F220%2FKgolagano_Restaurant,,,,,,,
logos\ko-gae-cafe.jpg,Ko Gae Cafe,"Botswana Business Directory - Local Botswana Sign in + Get Listed Data Hub Botswana Kanye Restaurants Ko Gae Cafe - Kanye, Botswana Ko Gae Cafe 5.0 1 Review Ko Gae Cafe +267 544 1323 https://www.localbotswana.com/img/site/default-business2.jpg Write a Review Update Info Contacts Reviews (1) Q&A Unverified Listing Hotel name Ko Gae Cafe Address Kanye , Botswana",Botswana Ko Gae Cafe 5.0 1 Review Ko Gae Cafe +267 544 1323 https://www.localbotswana.com/img/site/default-business2.jpg Write a Review Update Info Contacts Reviews (1) Q&A Unverified Listing Hotel name Ko Gae Cafe Address Kanye,Botswana Business Directory - Local Botswana Sign in + Get Listed Data Hub Botswana Kanye Restaurants Ko Gae Cafe - Kanye,,,,,https://www.facebook.com/sharer/sharer.php?u=https%3A%2F%2Fwww.localbotswana.com%2Fcompany%2F214%2FKo_Gae_Cafe,,,,,,,
logos\kodwamunthu-liquor-restaurant.jpg,Kodwamunthu Liquor Restaurant,"Botswana Business Directory - Local Botswana Sign in + Get Listed Data Hub Botswana Tutume Restaurants Kodwamunthu Liquor Restaurant - Tutume, Botswana 0.0 0 Reviews Write a Review Update Info Contacts Reviews Q&A Unverified Listing Hotel name Kodwamunthu Liquor Restaurant Address P.O.Box 141, Tutume , Botswana",Tutume,"Botswana Business Directory - Local Botswana Sign in + Get Listed Data Hub Botswana Tutume Restaurants Kodwamunthu Liquor Restaurant - Tutume, Botswana 0.0 0 Reviews Write a Review Update Info Contacts Reviews Q&A Unverified Listing Hotel name Kodwamunthu Liquor Restaurant Address P.O.Box 141",,,,,https://www.facebook.com/sharer/sharer.php?u=https%3A%2F%2Fwww.localbotswana.com%2Fcompany%2F262%2FKodwamunthu_Liquor_Restaurant,,,,,,,
logos\kubu-liquor-restaurant-and-take-away.jpg,Kubu Liquor Restaurant And Take Away,"Botswana Business Directory - Local Botswana Sign in + Get Listed Data Hub Botswana Molepolole Restaurants Kubu Liquor Restaurant And Take Away - Molepolole, Botswana 0.0 0 Reviews Write a Review Update Info Contacts Reviews Q&A Unverified Listing Hotel name Kubu Liquor Restaurant And Take Away Address Near BP Filing Station, P.O.Box 1153, Molepolole , Botswana",Molepolole,"Botswana Business Directory - Local Botswana Sign in + Get Listed Data Hub Botswana Molepolole Restaurants Kubu Liquor Restaurant And Take Away - Molepolole, Botswana 0.0 0 Reviews Write a Review Update Info Contacts Reviews Q&A Unverified Listing Hotel name Kubu Liquor Restaurant And Take Away Address Near BP Filing Station, P.O.Box 1153",,,,,https://www.facebook.com/sharer/sharer.php?u=https%3A%2F%2Fwww.localbotswana.com%2Fcompany%2F251%2FKubu_Liquor_Restaurant_And_Take_Away,,,,,,,
logos\kung-fu-kitchen.jpg,Kung-fu Kitchen,"Botswana Business Directory - Local Botswana Sign in + Get Listed Data Hub Botswana Gaborone Restaurants Kung-fu Kitchen - Gaborone, Botswana Delicious Chinese and Japanese food with friendly service. 0.0 0 Reviews Write a Review Update Info Contacts Reviews Q&A Verified Listing Hotel name Kung-fu Kitchen Address next to BTV Block 6 West Gate Mall, P.O.Box 40096, Gaborone , Botswana",Gaborone,"Botswana Business Directory - Local Botswana Sign in + Get Listed Data Hub Botswana Gaborone Restaurants Kung-fu Kitchen - Gaborone, Botswana Delicious Chinese and Japanese food with friendly service. 0.0 0 Reviews Write a Review Update Info Contacts Reviews Q&A Verified Listing Hotel name Kung-fu Kitchen Address next to BTV Block 6 West Gate Mall, P.O.Box 40096",,,,,https://www.facebook.com/sharer/sharer.php?u=https%3A%2F%2Fwww.localbotswana.com%2Fcompany%2F412%2FKung_fu_Kitchen,,,,,,,"Our restaurants enjoy a reputation for impeccable service, wide variety of delicious Chinese and Japanese cuisine, and friendly oriental atmosphere"
logos\kutlo-restaurant.jpg,Kutlo Restaurant,"Botswana Business Directory - Local Botswana Sign in + Get Listed Data Hub Botswana Mathangwane Restaurants Kutlo Restaurant - Mathangwane, Botswana 0.0 0 Reviews Write a Review Update Info Contacts Reviews Q&A Unverified Listing Hotel name Kutlo Restaurant Address P.O.Box 10297, Mathangwane , Botswana",Mathangwane,"Botswana Business Directory - Local Botswana Sign in + Get Listed Data Hub Botswana Mathangwane Restaurants Kutlo Restaurant - Mathangwane, Botswana 0.0 0 Reviews Write a Review Update Info Contacts Reviews Q&A Unverified Listing Hotel name Kutlo Restaurant Address P.O.Box 10297",,,,,https://www.facebook.com/sharer/sharer.php?u=https%3A%2F%2Fwww.localbotswana.com%2Fcompany%2F268%2FKutlo_Restaurant,,,,,,,
logos\lakshmi-continental-restaurant.jpg,Lakshmi Continental Restaurant,"Botswana Business Directory - Local Botswana Sign in + Get Listed Data Hub Botswana Serowe Restaurants Lakshmi Continental Restaurant - Serowe, Botswana 0.0 0 Reviews Write a Review Update Info Contacts Reviews Q&A Unverified Listing Hotel name Lakshmi Continental Restaurant Address P.O.Box 1031, Serowe , Botswana",Serowe,"Botswana Business Directory - Local Botswana Sign in + Get Listed Data Hub Botswana Serowe Restaurants Lakshmi Continental Restaurant - Serowe, Botswana 0.0 0 Reviews Write a Review Update Info Contacts Reviews Q&A Unverified Listing Hotel name Lakshmi Continental Restaurant Address P.O.Box 1031",,,,,https://www.facebook.com/sharer/sharer.php?u=https%3A%2F%2Fwww.localbotswana.com%2Fcompany%2F367%2FLakshmi_Continental_Restaurant,,,,,,,
logos\lancaster-house-liquor-restaurant.jpg,Lancaster House Liquor Restaurant,"Botswana Business Directory - Local Botswana Sign in + Get Listed Data Hub Botswana Gaborone Restaurants Lancaster House Liquor Restaurant - Gaborone, Botswana 0.0 0 Reviews Write a Review Update Info Contacts Reviews Q&A Unverified Listing Hotel name Lancaster House Liquor Restaurant Address Mogoditshane, P.O.Box 10078, Gaborone , Botswana",Gaborone,"Botswana Business Directory - Local Botswana Sign in + Get Listed Data Hub Botswana Gaborone Restaurants Lancaster House Liquor Restaurant - Gaborone, Botswana 0.0 0 Reviews Write a Review Update Info Contacts Reviews Q&A Unverified Listing Hotel name Lancaster House Liquor Restaurant Address Mogoditshane, P.O.Box 10078",,,,,https://www.facebook.com/sharer/sharer.php?u=https%3A%2F%2Fwww.localbotswana.com%2Fcompany%2F253%2FLancaster_House_Liquor_Restaurant,,,,,,,
logos\las-vegas-small-general-dealer-and-restaurant.jpg,Las Vegas Small General Dealer And Restaurant,"P.O.Box 167, Palapye , Botswana",Palapye,P.O.Box 167,,,,,https://www.facebook.com/sharer/sharer.php?u=https%3A%2F%2Fwww.localbotswana.com%2Fcompany%2F259%2FLas_Vegas_Small_General_Dealer_And_Restaurant,,,,,,,
logos\lemepe-lodge.jpg,Lemepe Lodge,"Botswana Business Directory - Local Botswana Sign in + Get Listed Data Hub Botswana Molepolole Leisure Lemepe Lodge - Molepolole, Botswana 0.0 0 Reviews Write a Review Update Info Contacts Reviews Q&A Unverified Listing Hotel name Lemepe Lodge Address Molepolole , Botswana",Botswana 0.0 0 Reviews Write a Review Update Info Contacts Reviews Q&A Unverified Listing Hotel name Lemepe Lodge Address Molepolole,Botswana Business Directory - Local Botswana Sign in + Get Listed Data Hub Botswana Molepolole Leisure Lemepe Lodge - Molepolole,,,,,https://www.facebook.com/sharer/sharer.php?u=https%3A%2F%2Fwww.localbotswana.com%2Fcompany%2F143%2FLemepe_Lodge,,,,,,,
logos\lido-liquor-restaurant.jpg,Lido Liquor Restaurant,"Botswana Business Directory - Local Botswana Sign in + Get Listed Data Hub Botswana Ramotswa Restaurants Lido Liquor Restaurant - Ramotswa, Botswana 0.0 0 Reviews Write a Review Update Info Contacts Reviews Q&A Unverified Listing Hotel name Lido Liquor Restaurant Address Ramotswa , Botswana",Botswana 0.0 0 Reviews Write a Review Update Info Contacts Reviews Q&A Unverified Listing Hotel name Lido Liquor Restaurant Address Ramotswa,Botswana Business Directory - Local Botswana Sign in + Get Listed Data Hub Botswana Ramotswa Restaurants Lido Liquor Restaurant - Ramotswa,,,,,https://www.facebook.com/sharer/sharer.php?u=https%3A%2F%2Fwww.localbotswana.com%2Fcompany%2F277%2FLido_Liquor_Restaurant,,,,,,,
logos\lola-restaurant.jpg,Lola Restaurant,"Botswana Business Directory - Local Botswana Sign in + Get Listed Data Hub Botswana Lobatse Restaurants Lola Restaurant - Lobatse, Botswana 0.0 0 Reviews Write a Review Update Info Contacts Reviews Q&A Unverified Listing Hotel name Lola Restaurant Address Plot 1362, Khama 1 Ave, P.O.Box 880, Lobatse , Botswana",Lobatse,"Botswana Business Directory - Local Botswana Sign in + Get Listed Data Hub Botswana Lobatse Restaurants Lola Restaurant - Lobatse, Botswana 0.0 0 Reviews Write a Review Update Info Contacts Reviews Q&A Unverified Listing Hotel name Lola Restaurant Address Plot 1362, Khama 1 Ave, P.O.Box 880",+267 533 2677,,,,https://www.facebook.com/sharer/sharer.php?u=https%3A%2F%2Fwww.localbotswana.com%2Fcompany%2F397%2FLola_Restaurant,,,,,,,
logos\m-i-restaurant.jpg,M & I Restaurant,"Botswana Business Directory - Local Botswana Sign in + Get Listed Data Hub Botswana Francistown Restaurants M & I Restaurant - Francistown, Botswana 0.0 0 Reviews Write a Review Update Info Contacts Reviews Q&A Unverified Listing Hotel name M & I Restaurant Address P.O.Box 2005, Francistown , Botswana",Francistown,"Botswana Business Directory - Local Botswana Sign in + Get Listed Data Hub Botswana Francistown Restaurants M & I Restaurant - Francistown, Botswana 0.0 0 Reviews Write a Review Update Info Contacts Reviews Q&A Unverified Listing Hotel name M & I Restaurant Address P.O.Box 2005",,,,,https://www.facebook.com/sharer/sharer.php?u=https%3A%2F%2Fwww.localbotswana.com%2Fcompany%2F356%2FM_I_Restaurant,,,,,,,
logos\m-n-i-take-away-private-limited.jpg,M N I Take Away Private Limited,"Botswana Business Directory - Local Botswana Sign in + Get Listed Data Hub Botswana Francistown Restaurants M N I Take Away Private Limited - Francistown, Botswana 0.0 0 Reviews Write a Review Update Info Contacts Reviews Q&A Unverified Listing Hotel name M N I Take Away Private Limited Address P.O.Box 809, Francistown , Botswana",Francistown,"Botswana Business Directory - Local Botswana Sign in + Get Listed Data Hub Botswana Francistown Restaurants M N I Take Away Private Limited - Francistown, Botswana 0.0 0 Reviews Write a Review Update Info Contacts Reviews Q&A Unverified Listing Hotel name M N I Take Away Private Limited Address P.O.Box 809",+267 241 8095,,,,https://www.facebook.com/sharer/sharer.php?u=https%3A%2F%2Fwww.localbotswana.com%2Fcompany%2F327%2FM_N_I_Take_Away_Private_Limited,,,,,,,
logos\maano-restaurant.jpg,Maano Restaurant,"Botswana Business Directory - Local Botswana Sign in + Get Listed Data Hub Botswana Gweta Restaurants Maano Restaurant - Gweta, Botswana 0.0 0 Reviews Write a Review Update Info Contacts Reviews Q&A Unverified Listing Hotel name Maano Restaurant Address P.O.Box 150, Gweta , Botswana",Gweta,"Botswana Business Directory - Local Botswana Sign in + Get Listed Data Hub Botswana Gweta Restaurants Maano Restaurant - Gweta, Botswana 0.0 0 Reviews Write a Review Update Info Contacts Reviews Q&A Unverified Listing Hotel name Maano Restaurant Address P.O.Box 150",,,,,https://www.facebook.com/sharer/sharer.php?u=https%3A%2F%2Fwww.localbotswana.com%2Fcompany%2F254%2FMaano_Restaurant,,,,,,,
logos\magic-lantern-restaurant-and-take-away.jpg,Magic Lantern Restaurant And Take Away,"Botswana Business Directory - Local Botswana Sign in + Get Listed Data Hub Botswana Maun Restaurants Magic Lantern Restaurant And Take Away - Maun, Botswana 0.0 0 Reviews Write a Review Update Info Contacts Reviews Q&A Unverified Listing Hotel name Magic Lantern Restaurant And Take Away Address P.O.Box 694, Maun , Botswana",Maun,"Botswana Business Directory - Local Botswana Sign in + Get Listed Data Hub Botswana Maun Restaurants Magic Lantern Restaurant And Take Away - Maun, Botswana 0.0 0 Reviews Write a Review Update Info Contacts Reviews Q&A Unverified Listing Hotel name Magic Lantern Restaurant And Take Away Address P.O.Box 694",,,,,https://www.facebook.com/sharer/sharer.php?u=https%3A%2F%2Fwww.localbotswana.com%2Fcompany%2F285%2FMagic_Lantern_Restaurant_And_Take_Away,,,,,,,
logos\mainland-shopping-centre.jpg,Mainland Shopping Centre,"Botswana Business Directory - Local Botswana Sign in + Get Listed Data Hub Botswana Serowe Arts and Crafts Mainland Shopping Centre - Serowe, Botswana 0.0 0 Reviews Write a Review Update Info Contacts Reviews Q&A Unverified Listing Hotel name Mainland Shopping Centre Address P.O.Box 186, Serowe , Botswana",Serowe,"Botswana Business Directory - Local Botswana Sign in + Get Listed Data Hub Botswana Serowe Arts and Crafts Mainland Shopping Centre - Serowe, Botswana 0.0 0 Reviews Write a Review Update Info Contacts Reviews Q&A Unverified Listing Hotel name Mainland Shopping Centre Address P.O.Box 186",,,,,https://www.facebook.com/sharer/sharer.php?u=https%3A%2F%2Fwww.localbotswana.com%2Fcompany%2F225%2FMainland_Shopping_Centre,,,,,,,
logos\maja-restaurant.jpg,Maja Restaurant,"Botswana Business Directory - Local Botswana Sign in + Get Listed Data Hub Botswana Nkange Restaurants Maja Restaurant - Nkange, Botswana 0.0 0 Reviews Write a Review Update Info Contacts Reviews Q&A Unverified Listing Hotel name Maja Restaurant Address P.O.Box 2, Nkange , Botswana",Nkange,"Botswana Business Directory - Local Botswana Sign in + Get Listed Data Hub Botswana Nkange Restaurants Maja Restaurant - Nkange, Botswana 0.0 0 Reviews Write a Review Update Info Contacts Reviews Q&A Unverified Listing Hotel name Maja Restaurant Address P.O.Box 2",,,,,https://www.facebook.com/sharer/sharer.php?u=https%3A%2F%2Fwww.localbotswana.com%2Fcompany%2F353%2FMaja_Restaurant,,,,,,,
logos\makgadikgadi-bar-and-restaurant.jpg,Makgadikgadi Bar And Restaurant,"Botswana Business Directory - Local Botswana Sign in + Get Listed Data Hub Botswana Nata Restaurants Makgadikgadi Bar And Restaurant - Nata, Botswana 0.0 0 Reviews Write a Review Update Info Contacts Reviews Q&A Unverified Listing Hotel name Makgadikgadi Bar And Restaurant Address P.O.Box 3, Nata , Botswana",Nata,"Botswana Business Directory - Local Botswana Sign in + Get Listed Data Hub Botswana Nata Restaurants Makgadikgadi Bar And Restaurant - Nata, Botswana 0.0 0 Reviews Write a Review Update Info Contacts Reviews Q&A Unverified Listing Hotel name Makgadikgadi Bar And Restaurant Address P.O.Box 3",,,,,https://www.facebook.com/sharer/sharer.php?u=https%3A%2F%2Fwww.localbotswana.com%2Fcompany%2F257%2FMakgadikgadi_Bar_And_Restaurant,,,,,,,
logos\mapoka-and-co-ptyltd.jpg,Mapoka And Co (Pty)Ltd,"Botswana Business Directory - Local Botswana Sign in + Get Listed Data Hub Botswana Gaborone Restaurants Fast Food Mapoka And Co (Pty)Ltd - Gaborone, Botswana Fresh quality food, sustainable sourcing, quick service. 0.0 0 Reviews Write a Review Update Info Contacts Map Reviews Q&A (1) Verified Listing +14 Years With Us Restaurant name Mapoka And Co (Pty)Ltd Address P O Box 503923 Gaborone , Botswana",quick service. 0.0 0 Reviews Write a Review Update Info Contacts Map Reviews Q&A (1) Verified Listing +14 Years With Us Restaurant name Mapoka And Co (Pty)Ltd Address P O Box 503923 Gaborone,"Botswana Business Directory - Local Botswana Sign in + Get Listed Data Hub Botswana Gaborone Restaurants Fast Food Mapoka And Co (Pty)Ltd - Gaborone, Botswana Fresh quality food, sustainable sourcing",+26771506392,3101117,+267-3101117,www.mapoka.com Working hours Monday: 8am-9pm Tuesday: 8am-9pm Wednesday: 8am-9pm Thursday: Closed Friday: Closed Saturday: Closed Sunday: Closed Company manager Louis Doctor Mapoka,https://www.facebook.com/sharer/sharer.php?u=https%3A%2F%2Fwww.localbotswana.com%2Fcompany%2F13152%2FMapoka_And_Co_PtyLtd,,,,,,2013,"Our philosophy is simple Customer Satisfaction....... Commitment to quality is achieved by buying only the best products available from reputable suppliers We have invested in the latest cooking technology with computer controlled temperature and inbuilt oil filtration, this means we can produce a top quality product fresh in the quickest of time. Our Fish comes from sustainable stocks and is freshly cut and boned, Our Potatoes are all British stock that we peel and cut on the premises daily. *Newly refurbished shop with a Modern clean layout. *Fresh produce cooked to order. *Groups and large orders catered for. *Free Parking outside shop"
logos\marakanelo-hotels-pty-ltd.jpg,Marakanelo Hotels (pty) Ltd,"Botswana Business Directory - Local Botswana Sign in + Get Listed Data Hub Botswana Gaborone Conferences Marakanelo Hotels (pty) Ltd - Gaborone, Botswana 0.0 0 Reviews Write a Review Update Info Contacts Reviews Q&A Unverified Listing Hotel name Marakanelo Hotels (pty) Ltd Address Hardware Hse Main Mall, P.O.Box 80234, Gaborone , Botswana",Gaborone,"Botswana Business Directory - Local Botswana Sign in + Get Listed Data Hub Botswana Gaborone Conferences Marakanelo Hotels (pty) Ltd - Gaborone, Botswana 0.0 0 Reviews Write a Review Update Info Contacts Reviews Q&A Unverified Listing Hotel name Marakanelo Hotels (pty) Ltd Address Hardware Hse Main Mall, P.O.Box 80234",+267 393 0225 +267 393 0226,,,,https://www.facebook.com/sharer/sharer.php?u=https%3A%2F%2Fwww.localbotswana.com%2Fcompany%2F468%2FMarakanelo_Hotels_pty_Ltd,,,,,,,
logos\mareledi-holdings-pty-ltd.jpg,Mareledi Holdings (pty) Ltd,"Botswana Business Directory - Local Botswana Sign in + Get Listed Data Hub Botswana Kanye Arts and Crafts Mareledi Holdings (pty) Ltd - Kanye, Botswana 0.0 0 Reviews Write a Review Update Info Contacts Reviews Q&A Unverified Listing Hotel name Mareledi Holdings (pty) Ltd Address Matlhalong Ward., P.O.Box 280, Kanye , Botswana",Kanye,"Botswana Business Directory - Local Botswana Sign in + Get Listed Data Hub Botswana Kanye Arts and Crafts Mareledi Holdings (pty) Ltd - Kanye, Botswana 0.0 0 Reviews Write a Review Update Info Contacts Reviews Q&A Unverified Listing Hotel name Mareledi Holdings (pty) Ltd Address Matlhalong Ward., P.O.Box 280",+267 544 0340,,,,https://www.facebook.com/sharer/sharer.php?u=https%3A%2F%2Fwww.localbotswana.com%2Fcompany%2F223%2FMareledi_Holdings_pty_Ltd,,,,,,,
logos\marijas-restaurant-catering-services.jpg,Marija's Restaurant & Catering Services,"Opp.BDF SSK Barracks, P.O.Box 202582, Gaborone , Botswana",Gaborone,"Opp.BDF SSK Barracks, P.O.Box 202582",+267 392 3921,+267 7174 3656 +267 7172 2087,,,https://www.facebook.com/sharer/sharer.php?u=https%3A%2F%2Fwww.localbotswana.com%2Fcompany%2F440%2FMarijas_Restaurant_Catering_Services,,,,,,,
logos\masa-restaurant.jpg,Masa Restaurant,"Botswana Business Directory - Local Botswana Sign in + Get Listed Data Hub Botswana Molepolole Restaurants Masa Restaurant - Molepolole, Botswana 0.0 0 Reviews Write a Review Update Info Contacts Reviews Q&A Unverified Listing Hotel name Masa Restaurant Address P.O.Box 882, Molepolole , Botswana",Molepolole,"Botswana Business Directory - Local Botswana Sign in + Get Listed Data Hub Botswana Molepolole Restaurants Masa Restaurant - Molepolole, Botswana 0.0 0 Reviews Write a Review Update Info Contacts Reviews Q&A Unverified Listing Hotel name Masa Restaurant Address P.O.Box 882",,,,,https://www.facebook.com/sharer/sharer.php?u=https%3A%2F%2Fwww.localbotswana.com%2Fcompany%2F241%2FMasa_Restaurant,,,,,,,
logos\maun-lodge.jpg,Maun Lodge,"Botswana Business Directory - Local Botswana Sign in + Get Listed Data Hub Botswana Maun Cleaning Equipment & Services Maun Lodge - Botswana Comfortable lodge offering holiday stays and safari experiences. 0.0 0 Reviews Write a Review Update Info Contacts Reviews Q&A (1) Unverified Listing Hotel name Maun Lodge Address P.O.Box 376, Maun , Botswana",Maun,Botswana Business Directory - Local Botswana Sign in + Get Listed Data Hub Botswana Maun Cleaning Equipment & Services Maun Lodge - Botswana Comfortable lodge offering holiday stays and safari experiences. 0.0 0 Reviews Write a Review Update Info Contacts Reviews Q&A (1) Unverified Listing Hotel name Maun Lodge Address P.O.Box 376,+267 686 3939,,,www.maunlodge.com,https://www.facebook.com/sharer/sharer.php?u=https%3A%2F%2Fwww.localbotswana.com%2Fcompany%2F5%2FMaun_Lodge,,,,,,,"Maun Accommodation, Hotel accommodation, Maun, Botswana, holiday accommodationin Botswana, lodge in Maun, places to stay in Maun, Maun Hotel,lodge, accommodation in Maun, Safari Holiday Botswana, Maun Botswana"
logos\maun-restaurant.jpg,Maun Restaurant,"Botswana Business Directory - Local Botswana Sign in + Get Listed Data Hub Botswana Maun Restaurants Maun Restaurant - Botswana 0.0 0 Reviews Write a Review Update Info Contacts Reviews Q&A Unverified Listing Hotel name Maun Restaurant Address P.O.Box 298, Maun , Botswana",Maun,Botswana Business Directory - Local Botswana Sign in + Get Listed Data Hub Botswana Maun Restaurants Maun Restaurant - Botswana 0.0 0 Reviews Write a Review Update Info Contacts Reviews Q&A Unverified Listing Hotel name Maun Restaurant Address P.O.Box 298,,,,,https://www.facebook.com/sharer/sharer.php?u=https%3A%2F%2Fwww.localbotswana.com%2Fcompany%2F240%2FMaun_Restaurant,,,,,,,
logos\max-francos-chicken.jpg,Max Franco's Chicken,"Botswana Business Directory - Local Botswana Sign in + Get Listed Data Hub Botswana Gaborone Restaurants Max Franco's Chicken - Kgale View - Gaborone, Botswana 0.0 0 Reviews Write a Review Update Info Contacts Reviews Q&A Unverified Listing Hotel name Max Franco's Chicken - Kgale View Address Plot 22144, Kgale View, P.O.Box 2442, Gaborone , Botswana",Gaborone,"Botswana Business Directory - Local Botswana Sign in + Get Listed Data Hub Botswana Gaborone Restaurants Max Franco's Chicken - Kgale View - Gaborone, Botswana 0.0 0 Reviews Write a Review Update Info Contacts Reviews Q&A Unverified Listing Hotel name Max Franco's Chicken - Kgale View Address Plot 22144, Kgale View, P.O.Box 2442",+267 391 2588,,,,https://www.facebook.com/sharer/sharer.php?u=https%3A%2F%2Fwww.localbotswana.com%2Fcompany%2F360%2FMax_Francos_ChickenKgale_View,,,,,,,
logos\max-frangos.jpg,Max Frango's,"Botswana Business Directory - Local Botswana Sign in + Get Listed Data Hub Botswana Gaborone Restaurants Max Frango's - Main Mall - Gaborone, Botswana 0.0 0 Reviews Write a Review Update Info Contacts Reviews Q&A Unverified Listing Hotel name Max Frango's - Main Mall Address Main Mall, opposite Kentucky Fried Chicken., Main Mall, P.O.Box 2442, Gaborone , Botswana",Gaborone,"Botswana Business Directory - Local Botswana Sign in + Get Listed Data Hub Botswana Gaborone Restaurants Max Frango's - Main Mall - Gaborone, Botswana 0.0 0 Reviews Write a Review Update Info Contacts Reviews Q&A Unverified Listing Hotel name Max Frango's - Main Mall Address Main Mall, opposite Kentucky Fried Chicken., Main Mall, P.O.Box 2442",,,,,https://www.facebook.com/sharer/sharer.php?u=https%3A%2F%2Fwww.localbotswana.com%2Fcompany%2F382%2FMax_FrangosMain_Mall,,,,,,,
logos\menate-take-away.jpg,Menate Take Away,"Botswana Business Directory - Local Botswana Sign in + Get Listed Data Hub Botswana Restaurants Menate Take Away - Botswana 0.0 0 Reviews Write a Review Update Info Contacts Reviews Q&A Unverified Listing Hotel name Menate Take Away Address Plot 3194 Moppo Rd, Selebi-Phikwe, P.O.Box 320, Botswana",P.O.Box 320,"Botswana Business Directory - Local Botswana Sign in + Get Listed Data Hub Botswana Restaurants Menate Take Away - Botswana 0.0 0 Reviews Write a Review Update Info Contacts Reviews Q&A Unverified Listing Hotel name Menate Take Away Address Plot 3194 Moppo Rd, Selebi-Phikwe",+267 261 1965,+267 7396 2996,,,https://www.facebook.com/sharer/sharer.php?u=https%3A%2F%2Fwww.localbotswana.com%2Fcompany%2F308%2FMenate_Take_Away,,,,,,,
logos\metco-investments-ta-bus-stop-cafe.jpg,Metco Investments T/a Bus Stop Cafe,"Botswana Business Directory - Local Botswana Sign in + Get Listed Data Hub Botswana Francistown Restaurants Metco Investments T/a Bus Stop Cafe - Francistown, Botswana 0.0 0 Reviews Write a Review Update Info Contacts Reviews Q&A Unverified Listing Hotel name Metco Investments T/a Bus Stop Cafe Address Plot 2022, P.O.Box 30234, Francistown , Botswana",Francistown,"Botswana Business Directory - Local Botswana Sign in + Get Listed Data Hub Botswana Francistown Restaurants Metco Investments T/a Bus Stop Cafe - Francistown, Botswana 0.0 0 Reviews Write a Review Update Info Contacts Reviews Q&A Unverified Listing Hotel name Metco Investments T/a Bus Stop Cafe Address Plot 2022, P.O.Box 30234",+267 241 5112,,,,https://www.facebook.com/sharer/sharer.php?u=https%3A%2F%2Fwww.localbotswana.com%2Fcompany%2F392%2FMetco_Investments_Ta_Bus_Stop_Cafe,,,,,,,
logos\metlhala-restaurant.jpg,Metlhala Restaurant,"Botswana Business Directory - Local Botswana Sign in + Get Listed Data Hub Botswana Mahalapye Restaurants Metlhala Restaurant - Mahalapye, Botswana 0.0 0 Reviews Write a Review Update Info Contacts Reviews Q&A (1) Unverified Listing Hotel name Metlhala Restaurant Address P.O.Box 475, Mahalapye , Botswana",Mahalapye,"Botswana Business Directory - Local Botswana Sign in + Get Listed Data Hub Botswana Mahalapye Restaurants Metlhala Restaurant - Mahalapye, Botswana 0.0 0 Reviews Write a Review Update Info Contacts Reviews Q&A (1) Unverified Listing Hotel name Metlhala Restaurant Address P.O.Box 475",,,,,https://www.facebook.com/sharer/sharer.php?u=https%3A%2F%2Fwww.localbotswana.com%2Fcompany%2F255%2FMetlhala_Restaurant,,,,,,,
logos\milano-restaurant.jpg,Milano Restaurant,"Botswana Business Directory - Local Botswana Sign in + Get Listed Data Hub Botswana Francistown Restaurants Milano Restaurant - Francistown, Botswana 0.0 0 Reviews Write a Review Update Info Contacts Reviews Q&A Unverified Listing Hotel name Milano Restaurant Address Barclays Plaza, Blue Jacket St, CBD Ext, P.O.Box 481, Francistown , Botswana",Francistown,"Botswana Business Directory - Local Botswana Sign in + Get Listed Data Hub Botswana Francistown Restaurants Milano Restaurant - Francistown, Botswana 0.0 0 Reviews Write a Review Update Info Contacts Reviews Q&A Unverified Listing Hotel name Milano Restaurant Address Barclays Plaza, Blue Jacket St, CBD Ext, P.O.Box 481",+267 241 0066,,,,https://www.facebook.com/sharer/sharer.php?u=https%3A%2F%2Fwww.localbotswana.com%2Fcompany%2F278%2FMilano_Restaurant,,,,,,,
logos\milky-bar-snack.jpg,Milky Bar & Snack,"Botswana Business Directory - Local Botswana Sign in + Get Listed Data Hub Botswana Francistown Restaurants Milky Bar & Snack - Francistown, Botswana 0.0 0 Reviews Write a Review Update Info Contacts Reviews Q&A Unverified Listing Hotel name Milky Bar & Snack Address Plot 54 Old Woolworths Complex, P.O.Box 1346, Francistown , Botswana",Francistown,"Botswana Business Directory - Local Botswana Sign in + Get Listed Data Hub Botswana Francistown Restaurants Milky Bar & Snack - Francistown, Botswana 0.0 0 Reviews Write a Review Update Info Contacts Reviews Q&A Unverified Listing Hotel name Milky Bar & Snack Address Plot 54 Old Woolworths Complex, P.O.Box 1346",+267 241 6707,,,,https://www.facebook.com/sharer/sharer.php?u=https%3A%2F%2Fwww.localbotswana.com%2Fcompany%2F396%2FMilky_Bar_Snack,,,,,,,
logos\milky-lane.jpg,Milky Lane,"Botswana Business Directory - Local Botswana Sign in + Get Listed Data Hub Botswana Gaborone Restaurants Milky Lane - Gaborone, Botswana 0.0 0 Reviews Write a Review Update Info Contacts Reviews Q&A Unverified Listing Hotel name Milky Lane Address Gaborone , Botswana",Botswana 0.0 0 Reviews Write a Review Update Info Contacts Reviews Q&A Unverified Listing Hotel name Milky Lane Address Gaborone,Botswana Business Directory - Local Botswana Sign in + Get Listed Data Hub Botswana Gaborone Restaurants Milky Lane - Gaborone,,,,,https://www.facebook.com/sharer/sharer.php?u=https%3A%2F%2Fwww.localbotswana.com%2Fcompany%2F423%2FMilky_Lane,,,,,,,
logos\milky-lane-restaurant.jpg,Milky Lane Restaurant,"Botswana Business Directory - Local Botswana Sign in + Get Listed Data Hub Botswana Gaborone Restaurants Milky Lane Restaurant - Gaborone, Botswana 0.0 0 Reviews Write a Review Update Info Contacts Reviews Q&A Unverified Listing Hotel name Milky Lane Restaurant Address Shop 99 Game City, P.O.Box 50270, Gaborone , Botswana",Gaborone,"Botswana Business Directory - Local Botswana Sign in + Get Listed Data Hub Botswana Gaborone Restaurants Milky Lane Restaurant - Gaborone, Botswana 0.0 0 Reviews Write a Review Update Info Contacts Reviews Q&A Unverified Listing Hotel name Milky Lane Restaurant Address Shop 99 Game City, P.O.Box 50270",,,,,https://www.facebook.com/sharer/sharer.php?u=https%3A%2F%2Fwww.localbotswana.com%2Fcompany%2F388%2FMilky_Lane_Restaurant,,,,,,,
logos\mimoso-liquor-restaurant.jpg,Mimoso Liquor Restaurant,"Botswana Business Directory - Local Botswana Sign in + Get Listed Data Hub Botswana Francistown Restaurants Mimoso Liquor Restaurant - Francistown, Botswana 0.0 0 Reviews Write a Review Update Info Contacts Reviews Q&A Unverified Listing Hotel name Mimoso Liquor Restaurant Address Plot 7476 Blue Town, P.O.Box 703, Francistown , Botswana",Francistown,"Botswana Business Directory - Local Botswana Sign in + Get Listed Data Hub Botswana Francistown Restaurants Mimoso Liquor Restaurant - Francistown, Botswana 0.0 0 Reviews Write a Review Update Info Contacts Reviews Q&A Unverified Listing Hotel name Mimoso Liquor Restaurant Address Plot 7476 Blue Town, P.O.Box 703",+267 240 4300,,,,https://www.facebook.com/sharer/sharer.php?u=https%3A%2F%2Fwww.localbotswana.com%2Fcompany%2F207%2FMimoso_Liquor_Restaurant,,,,,,,
logos\mmaseapei-rest-take-away.jpg,Mmaseapei Rest & Take Away,"Botswana Business Directory - Local Botswana Sign in + Get Listed Data Hub Botswana Kanye Restaurants Mmaseapei Rest & Take Away - Kanye, Botswana 0.0 0 Reviews Write a Review Update Info Contacts Reviews Q&A Unverified Listing Hotel name Mmaseapei Rest & Take Away Address Tloung Ward, Kanye , Botswana",Kanye,"Botswana Business Directory - Local Botswana Sign in + Get Listed Data Hub Botswana Kanye Restaurants Mmaseapei Rest & Take Away - Kanye, Botswana 0.0 0 Reviews Write a Review Update Info Contacts Reviews Q&A Unverified Listing Hotel name Mmaseapei Rest & Take Away Address Tloung Ward",,,,,https://www.facebook.com/sharer/sharer.php?u=https%3A%2F%2Fwww.localbotswana.com%2Fcompany%2F354%2FMmaseapei_Rest_Take_Away,,,,,,,
logos\mmopakhukhu-restaurant.jpg,Mmopakhukhu Restaurant,"Botswana Business Directory - Local Botswana Sign in + Get Listed Data Hub Botswana Kanye Restaurants Mmopakhukhu Restaurant - Kanye, Botswana 0.0 0 Reviews Write a Review Update Info Contacts Reviews Q&A Unverified Listing Hotel name Mmopakhukhu Restaurant Address Plot 70 Kanye Centre Mall, P.O.Box 155, Botswana",P.O.Box 155,"Botswana Business Directory - Local Botswana Sign in + Get Listed Data Hub Botswana Kanye Restaurants Mmopakhukhu Restaurant - Kanye, Botswana 0.0 0 Reviews Write a Review Update Info Contacts Reviews Q&A Unverified Listing Hotel name Mmopakhukhu Restaurant Address Plot 70 Kanye Centre Mall",+267 544 2206,+267 7128 2100,,,https://www.facebook.com/sharer/sharer.php?u=https%3A%2F%2Fwww.localbotswana.com%2Fcompany%2F305%2FMmopakhukhu_Restaurant,,,,,,,
logos\molinaro-pty-ltd.jpg,Molinaro (pty) Ltd,"Botswana Business Directory - Local Botswana Sign in + Get Listed Data Hub Botswana Gaborone Restaurants Molinaro (pty) Ltd - Gaborone, Botswana 0.0 0 Reviews Write a Review Update Info Contacts Reviews Q&A Unverified Listing Hotel name Molinaro (pty) Ltd Address Plot 4130, Mogoditshane, P.O.Box 1415, Gaborone , Botswana",Gaborone,"Botswana Business Directory - Local Botswana Sign in + Get Listed Data Hub Botswana Gaborone Restaurants Molinaro (pty) Ltd - Gaborone, Botswana 0.0 0 Reviews Write a Review Update Info Contacts Reviews Q&A Unverified Listing Hotel name Molinaro (pty) Ltd Address Plot 4130, Mogoditshane, P.O.Box 1415",,,,,https://www.facebook.com/sharer/sharer.php?u=https%3A%2F%2Fwww.localbotswana.com%2Fcompany%2F378%2FMolinaro_pty_Ltd,,,,,,,
logos\moms-kitchen-restaurant.jpg,Mom's Kitchen & Restaurant,"Botswana Business Directory - Local Botswana Sign in + Get Listed Data Hub Botswana Serowe Restaurants Mom's Kitchen & Restaurant - Serowe, Botswana 0.0 0 Reviews Write a Review Update Info Contacts Reviews Q&A Unverified Listing Hotel name Mom's Kitchen & Restaurant Address P.O.Box 805, Serowe , Botswana",Serowe,"Botswana Business Directory - Local Botswana Sign in + Get Listed Data Hub Botswana Serowe Restaurants Mom's Kitchen & Restaurant - Serowe, Botswana 0.0 0 Reviews Write a Review Update Info Contacts Reviews Q&A Unverified Listing Hotel name Mom's Kitchen & Restaurant Address P.O.Box 805",,,,,https://www.facebook.com/sharer/sharer.php?u=https%3A%2F%2Fwww.localbotswana.com%2Fcompany%2F286%2FMoms_Kitchen_Restaurant,,,,,,,
logos\mopa-khukhu-restaurant.jpg,Mopa Khukhu Restaurant,"Botswana Business Directory - Local Botswana Sign in + Get Listed Data Hub Botswana Kanye Restaurants Mopa Khukhu Restaurant - Kanye, Botswana 0.0 0 Reviews Write a Review Update Info Contacts Reviews Q&A Unverified Listing Hotel name Mopa Khukhu Restaurant Address Lenong Ward, P.O.Box 3722, Kanye , Botswana",Kanye,"Botswana Business Directory - Local Botswana Sign in + Get Listed Data Hub Botswana Kanye Restaurants Mopa Khukhu Restaurant - Kanye, Botswana 0.0 0 Reviews Write a Review Update Info Contacts Reviews Q&A Unverified Listing Hotel name Mopa Khukhu Restaurant Address Lenong Ward, P.O.Box 3722",+267 544 2067,,,,https://www.facebook.com/sharer/sharer.php?u=https%3A%2F%2Fwww.localbotswana.com%2Fcompany%2F402%2FMopa_Khukhu_Restaurant,,,,,,,
logos\morojwa-bar-liquor-restaurant.jpg,Morojwa Bar & Liquor Restaurant,"Botswana Business Directory - Local Botswana Sign in + Get Listed Data Hub Botswana Mahalapye Restaurants Morojwa Bar & Liquor Restaurant - Mahalapye, Botswana 0.0 0 Reviews Write a Review Update Info Contacts Reviews Q&A Unverified Listing Hotel name Morojwa Bar & Liquor Restaurant Address P.O.Box 554, Mahalapye , Botswana",Mahalapye,"Botswana Business Directory - Local Botswana Sign in + Get Listed Data Hub Botswana Mahalapye Restaurants Morojwa Bar & Liquor Restaurant - Mahalapye, Botswana 0.0 0 Reviews Write a Review Update Info Contacts Reviews Q&A Unverified Listing Hotel name Morojwa Bar & Liquor Restaurant Address P.O.Box 554",,,,,https://www.facebook.com/sharer/sharer.php?u=https%3A%2F%2Fwww.localbotswana.com%2Fcompany%2F395%2FMorojwa_Bar_Liquor_Restaurant,,,,,,,
logos\morojwa-liquor-restaurant-general-dealer.jpg,Morojwa Liquor Restaurant & General Dealer,"P.O.Box 1383, Mahalapye , Botswana",Mahalapye,P.O.Box 1383,,,,,https://www.facebook.com/sharer/sharer.php?u=https%3A%2F%2Fwww.localbotswana.com%2Fcompany%2F273%2FMorojwa_Liquor_Restaurant_General_Dealer,,,,,,,
logos\mr-chang-chinese-restaurant.jpg,Mr Chang Chinese Restaurant,"Botswana Business Directory - Local Botswana Sign in + Get Listed Data Hub Botswana Francistown Restaurants Mr Chang Chinese Restaurant - Francistown, Botswana 0.0 0 Reviews Write a Review Update Info Contacts Reviews Q&A Unverified Listing Hotel name Mr Chang Chinese Restaurant Address Nzano Game Complex, P.O.Box 982, Francistown , Botswana",Francistown,"Botswana Business Directory - Local Botswana Sign in + Get Listed Data Hub Botswana Francistown Restaurants Mr Chang Chinese Restaurant - Francistown, Botswana 0.0 0 Reviews Write a Review Update Info Contacts Reviews Q&A Unverified Listing Hotel name Mr Chang Chinese Restaurant Address Nzano Game Complex, P.O.Box 982",,,,,https://www.facebook.com/sharer/sharer.php?u=https%3A%2F%2Fwww.localbotswana.com%2Fcompany%2F403%2FMr_Chang_Chinese_Restaurant,,,,,,,
logos\mthanjeni-4-way-liquor-restaurant.jpg,Mthanjeni 4 Way Liquor Restaurant,"Botswana Business Directory - Local Botswana Sign in + Get Listed Data Hub Botswana Ramotswa Restaurants Mthanjeni 4 Way Liquor Restaurant - Ramotswa, Botswana 0.0 0 Reviews Write a Review Update Info Contacts Reviews Q&A Unverified Listing Hotel name Mthanjeni 4 Way Liquor Restaurant Address Thamaga Rd, Ramotswa , Botswana",Ramotswa,"Botswana Business Directory - Local Botswana Sign in + Get Listed Data Hub Botswana Ramotswa Restaurants Mthanjeni 4 Way Liquor Restaurant - Ramotswa, Botswana 0.0 0 Reviews Write a Review Update Info Contacts Reviews Q&A Unverified Listing Hotel name Mthanjeni 4 Way Liquor Restaurant Address Thamaga Rd",,,,,https://www.facebook.com/sharer/sharer.php?u=https%3A%2F%2Fwww.localbotswana.com%2Fcompany%2F269%2FMthanjeni_4_Way_Liquor_Restaurant,,,,,,,
logos\mugg-n-bean.jpg,Mugg 'n Bean,"Botswana Business Directory - Local Botswana Sign in + Get Listed Data Hub Botswana Gaborone Restaurants Mugg 'n Bean - Gaborone, Botswana 0.0 0 Reviews Write a Review Update Info Contacts Reviews Q&A Unverified Listing Hotel name Mugg 'n Bean Address Gaborone , Botswana",Botswana 0.0 0 Reviews Write a Review Update Info Contacts Reviews Q&A Unverified Listing Hotel name Mugg 'n Bean Address Gaborone,Botswana Business Directory - Local Botswana Sign in + Get Listed Data Hub Botswana Gaborone Restaurants Mugg 'n Bean - Gaborone,+267 391 5246,,,,https://www.facebook.com/sharer/sharer.php?u=https%3A%2F%2Fwww.localbotswana.com%2Fcompany%2F361%2FMugg_n_Bean,,,,,,,
logos\nando-phakalane.jpg,Nando (phakalane),"Botswana Business Directory - Local Botswana Sign in + Get Listed Data Hub Botswana Gaborone Restaurants Nando (phakalane) - Gaborone, Botswana 0.0 0 Reviews Write a Review Update Info Contacts Reviews Q&A Unverified Listing Hotel name Nando (phakalane) Address Gaborone , Botswana",Botswana 0.0 0 Reviews Write a Review Update Info Contacts Reviews Q&A Unverified Listing Hotel name Nando (phakalane) Address Gaborone,Botswana Business Directory - Local Botswana Sign in + Get Listed Data Hub Botswana Gaborone Restaurants Nando (phakalane) - Gaborone,+267 390 5712 +267 390 6711,,,,https://www.facebook.com/sharer/sharer.php?u=https%3A%2F%2Fwww.localbotswana.com%2Fcompany%2F389%2FNando_phakalane,,,,,,,
logos\nandos-phakalane.jpg,Nando's Phakalane,"Botswana Business Directory - Local Botswana Sign in + Get Listed Data Hub Botswana Gaborone Restaurants Nando's Phakalane - Gaborone, Botswana 0.0 0 Reviews Write a Review Update Info Contacts Reviews Q&A Unverified Listing Hotel name Nando's Phakalane Address Plot 63724, Phakalane, Gaborone , Botswana",Gaborone,"Botswana Business Directory - Local Botswana Sign in + Get Listed Data Hub Botswana Gaborone Restaurants Nando's Phakalane - Gaborone, Botswana 0.0 0 Reviews Write a Review Update Info Contacts Reviews Q&A Unverified Listing Hotel name Nando's Phakalane Address Plot 63724, Phakalane",+267 390 5711 +267 390 5712,,,,https://www.facebook.com/sharer/sharer.php?u=https%3A%2F%2Fwww.localbotswana.com%2Fcompany%2F391%2FNandos_Phakalane,,,,,,,
logos\nandos.jpg,Nandos,"Botswana Business Directory - Local Botswana Sign in + Get Listed Data Hub Botswana Gaborone Restaurants Nandos - Game City - Gaborone, Botswana Spicy PERi-PERi chicken and sauces for a tasty experience. 0.0 0 Reviews Write a Review Update Info Contacts Map Reviews Q&A Verified Listing Hotel name Nandos - Game City Address Shop 97 Game City, Gaborone , Botswana",Gaborone,"Botswana Business Directory - Local Botswana Sign in + Get Listed Data Hub Botswana Gaborone Restaurants Nandos - Game City - Gaborone, Botswana Spicy PERi-PERi chicken and sauces for a tasty experience. 0.0 0 Reviews Write a Review Update Info Contacts Map Reviews Q&A Verified Listing Hotel name Nandos - Game City Address Shop 97 Game City",+267 391 0727,,+267 391 0728,www.nandos.com Working hours Monday: 09:30 - 22:00 Tuesday: 09:30 - 22:00 Wednesday: 09:30 - 22:00 Thursday: 09:30 - 22:00 Friday: 09:30 - 22:00 Saturday: 09:30 - 22:00 Sunday: 09:30 - 22:00,https://www.facebook.com/sharer/sharer.php?u=https%3A%2F%2Fwww.localbotswana.com%2Fcompany%2F362%2FNandosGame_City,,,,,,,"The story of Nandoâs starts hundreds of years ago with the first Portuguese explorers who set sail for the East in search of the legendary spice route. And so they landed on our shores and discovered the African Birdâs Eye Chilli or as we know it (and love it), PERi-PERi. Today, many years later, you can find Nandoâs restaurants, our delicious, addictive sauces and our world-famous grocery range around the globe"
logos\nandos.jpg,Nandos,"Botswana Business Directory - Local Botswana Sign in + Get Listed Data Hub Botswana Gaborone Restaurants Nandos - Riverwalk - Gaborone, Botswana Grilled chicken and PERi-PERi sauces loved worldwide. 0.0 0 Reviews Write a Review Update Info Contacts Map Reviews Q&A (1) Verified Listing Hotel name Nandos - Riverwalk Address Shop 31 Riverwalk Mall, Gaborone , Botswana",Gaborone,"Botswana Business Directory - Local Botswana Sign in + Get Listed Data Hub Botswana Gaborone Restaurants Nandos - Riverwalk - Gaborone, Botswana Grilled chicken and PERi-PERi sauces loved worldwide. 0.0 0 Reviews Write a Review Update Info Contacts Map Reviews Q&A (1) Verified Listing Hotel name Nandos - Riverwalk Address Shop 31 Riverwalk Mall",+267 370 0097,,,www.nandos.co.bw,https://www.facebook.com/sharer/sharer.php?u=https%3A%2F%2Fwww.localbotswana.com%2Fcompany%2F363%2FNandosRiverwalk,,,,,,,"The story of Nandoâs starts hundreds of years ago with the first Portuguese explorers who set sail for the East in search of the legendary spice route. And so they landed on our shores and discovered the African Birdâs Eye Chilli or as we know it (and love it), PERi-PERi. Today, many years later, you can find Nandoâs restaurants, our delicious, addictive sauces and our world-famous grocery range around the globe"
logos\nandos-head-office.jpg,Nandos Head Office,"Botswana Business Directory - Local Botswana Sign in + Get Listed Data Hub Botswana Gaborone Restaurants Nandos Head Office - Gaborone, Botswana Spicy PERi-PERi flavors served globally from Botswana headquarters. Nandos Head Office 1.0 2 Reviews Nandos Head Office Plot 59 Unit6 Commerce Pk +267 391 2489, +267 390 0441 https://www.localbotswana.com/img/bw/b/_1566457384-28-nandos-head-office.jpg Write a Review Update Info Contacts Map Reviews (2) Q&A (1) Verified Listing Restaurant name Nandos Head Office Address Plot 59 Unit6 Commerce Pk, Gaborone , Botswana",Gaborone,"Botswana Business Directory - Local Botswana Sign in + Get Listed Data Hub Botswana Gaborone Restaurants Nandos Head Office - Gaborone, Botswana Spicy PERi-PERi flavors served globally from Botswana headquarters. Nandos Head Office 1.0 2 Reviews Nandos Head Office Plot 59 Unit6 Commerce Pk +267 391 2489, +267 390 0441 https://www.localbotswana.com/img/bw/b/_1566457384-28-nandos-head-office.jpg Write a Review Update Info Contacts Map Reviews (2) Q&A (1) Verified Listing Restaurant name Nandos Head Office Address Plot 59 Unit6 Commerce Pk",+267 391 2489 +267 390 0441,+267 7132 1846,+267 390 8886 +267 319 0958,nandos.co.bw Working hours Monday: 08:00 - 17:30 Tuesday: 08:00 - 17:30 Wednesday: 08:00 - 17:30 Thursday: 08:00 - 17:30 Friday: 08:00 - 17:30 Saturday: Closed Sunday: Closed,https://www.facebook.com/sharer/sharer.php?u=https%3A%2F%2Fwww.localbotswana.com%2Fcompany%2F520%2FNandos_Head_Office,,,,,,,"The story of Nandoâs starts hundreds of years ago with the first Portuguese explorers who set sail for the East in search of the legendary spice route. And so they landed on our shores and discovered the African Birdâs Eye Chilli or as we know it (and love it), PERi-PERi. Today, many years later, you can find Nandoâs restaurants, our delicious, addictive sauces and our world-famous grocery range around the globe"
logos\nelgo-liquor-restaurant.jpg,Nelgo Liquor Restaurant,"Botswana Business Directory - Local Botswana Sign in + Get Listed Data Hub Botswana Serowe Restaurants Nelgo Liquor Restaurant - Serowe, Botswana 0.0 0 Reviews Write a Review Update Info Contacts Reviews Q&A Unverified Listing Hotel name Nelgo Liquor Restaurant Address Palapye Rd, P.O.Box 454, Serowe , Botswana",Serowe,"Botswana Business Directory - Local Botswana Sign in + Get Listed Data Hub Botswana Serowe Restaurants Nelgo Liquor Restaurant - Serowe, Botswana 0.0 0 Reviews Write a Review Update Info Contacts Reviews Q&A Unverified Listing Hotel name Nelgo Liquor Restaurant Address Palapye Rd, P.O.Box 454",,,,,https://www.facebook.com/sharer/sharer.php?u=https%3A%2F%2Fwww.localbotswana.com%2Fcompany%2F247%2FNelgo_Liquor_Restaurant,,,,,,,
logos\news-cafe.jpg,News Cafe,"Botswana Business Directory - Local Botswana Sign in + Get Listed Data Hub Botswana Gaborone Restaurants News Cafe - Gaborone, Botswana 0.0 0 Reviews Write a Review Update Info Contacts Reviews Q&A Unverified Listing Hotel name News Cafe Address Syringa Hotel, Village, Village, Gaborone , Botswana",Gaborone,"Botswana Business Directory - Local Botswana Sign in + Get Listed Data Hub Botswana Gaborone Restaurants News Cafe - Gaborone, Botswana 0.0 0 Reviews Write a Review Update Info Contacts Reviews Q&A Unverified Listing Hotel name News Cafe Address Syringa Hotel, Village, Village",+267 319 0600,,,,https://www.facebook.com/sharer/sharer.php?u=https%3A%2F%2Fwww.localbotswana.com%2Fcompany%2F365%2FNews_Cafe,,,,,,,
logos\news-cafe-at-mondior-hotel-gaborone.jpg,"News Cafe At Mondior Hotel, Gaborone","Botswana Business Directory - Local Botswana Sign in + Get Listed Data Hub Botswana Gaborone Restaurants News Cafe At Mondior Hotel, Gaborone - Botswana 0.0 0 Reviews Write a Review Update Info Contacts Reviews Q&A Unverified Listing Hotel name News Cafe At Mondior Hotel, Gaborone Address Gaborone , Botswana",Gaborone Address Gaborone,"Botswana Business Directory - Local Botswana Sign in + Get Listed Data Hub Botswana Gaborone Restaurants News Cafe At Mondior Hotel, Gaborone - Botswana 0.0 0 Reviews Write a Review Update Info Contacts Reviews Q&A Unverified Listing Hotel name News Cafe At Mondior Hotel",+267 319 0666,,,,https://www.facebook.com/sharer/sharer.php?u=https%3A%2F%2Fwww.localbotswana.com%2Fcompany%2F427%2FNews_Cafe_At_Mondior_HotelGaborone,,,,,,,
logos\nikis-restaurant-and-take-aways.jpg,Nikis Restaurant And Take Aways,"Botswana Business Directory - Local Botswana Sign in + Get Listed Data Hub Botswana Lobatse Restaurants Nikis Restaurant And Take Aways - Lobatse, Botswana 0.0 0 Reviews Write a Review Update Info Contacts Reviews Q&A Unverified Listing Hotel name Nikis Restaurant And Take Aways Address Woodhall Industrial, P.O.Box 1019, Lobatse , Botswana",Lobatse,"Botswana Business Directory - Local Botswana Sign in + Get Listed Data Hub Botswana Lobatse Restaurants Nikis Restaurant And Take Aways - Lobatse, Botswana 0.0 0 Reviews Write a Review Update Info Contacts Reviews Q&A Unverified Listing Hotel name Nikis Restaurant And Take Aways Address Woodhall Industrial, P.O.Box 1019",,,,,https://www.facebook.com/sharer/sharer.php?u=https%3A%2F%2Fwww.localbotswana.com%2Fcompany%2F320%2FNikis_Restaurant_And_Take_Aways,,,,,,,
logos\nna-restaurant.jpg,Nna Restaurant,"Botswana Business Directory - Local Botswana Sign in + Get Listed Data Hub Botswana Mochudi Restaurants Nna Restaurant - Mochudi, Botswana 0.0 0 Reviews Write a Review Update Info Contacts Reviews Q&A Unverified Listing Hotel name Nna Restaurant Address Mall, P.O.Box 20678, Mochudi , Botswana",Mochudi,"Botswana Business Directory - Local Botswana Sign in + Get Listed Data Hub Botswana Mochudi Restaurants Nna Restaurant - Mochudi, Botswana 0.0 0 Reviews Write a Review Update Info Contacts Reviews Q&A Unverified Listing Hotel name Nna Restaurant Address Mall, P.O.Box 20678",,,,,https://www.facebook.com/sharer/sharer.php?u=https%3A%2F%2Fwww.localbotswana.com%2Fcompany%2F292%2FNna_Restaurant,,,,,,,
logos\ohagans-irish-pub-n-grill-restaurant.jpg,O'Hagan's Irish Pub n Grill Restaurant,"P.O. Box 21727, Gaborone , Botswana",Gaborone,P.O. Box 21727,+2673937893,+26772237893,+3937893 Working hours Monday: 08.00AM - 10.00PM Tuesday: 08.00AM - 10.00PM Wednesday: 08.00AM - 10.30PM Thursday: 08.00AM - 11.30PM Friday: 08.00AM - 11.30PM Saturday: 08.00AM - 11.30PM Sunday: 08.00AM - 10.00PM Company manager J. M. McMay,,https://www.facebook.com/sharer/sharer.php?u=https%3A%2F%2Fwww.localbotswana.com%2Fcompany%2F13339%2FOHagans_Irish_Pub_n_Grill_Restaurant,,,,,,2013,"OâHaganâs Irish Pub & Grill Restaurant, Game City Gaborone. Facilities/Features: Business Dining; Children's Menu; Live Music; Private Functions; Payment Types: EFT, POS, Visa, MasterCard, AMEX Price Range: Moderate, $15 - $25; Dress Code: Casual Alcohol: Beer, Wine, Spirits, Cocktails Seating for: 100 BYO/Corkage: Yes BYOParking: Free Off-Street Good For Groups: Yes; Good For Children: Yes Takeaways: Yes Delivers: Yes Takes Reservations: Yes Dietary Restrictions: None Wheelchair Accessible: Yes Outdoor Seating: Yes Meals: Breakfast, Lunch, Dinner, Dessert Wi-Fi: in the process OâHaganâs Irish Bar & Grill Restaurant is where all good friends come to meet. With great pub grill and a awesome atmosphere OâHaganâs Game City, Gaborone is a must for all"
logos\ohagans-restaurant.jpg,O'hagans Restaurant,"Botswana Business Directory - Local Botswana Sign in + Get Listed Data Hub Botswana Gaborone Restaurants O'hagans Restaurant - Gaborone, Botswana 0.0 0 Reviews Write a Review Update Info Contacts Reviews Q&A Unverified Listing Hotel name O'hagans Restaurant Address P.O.Box 60674, Gaborone , Botswana",Gaborone,"Botswana Business Directory - Local Botswana Sign in + Get Listed Data Hub Botswana Gaborone Restaurants O'hagans Restaurant - Gaborone, Botswana 0.0 0 Reviews Write a Review Update Info Contacts Reviews Q&A Unverified Listing Hotel name O'hagans Restaurant Address P.O.Box 60674",,+267 7336 2790,,,https://www.facebook.com/sharer/sharer.php?u=https%3A%2F%2Fwww.localbotswana.com%2Fcompany%2F337%2FOhagans_Restaurant,,,,,,,
logos\oceans-restaurant.jpg,Oceans Restaurant,"Botswana Business Directory - Local Botswana Sign in + Get Listed Data Hub Botswana Gaborone Restaurants Oceans Restaurant - Gaborone, Botswana 0.0 0 Reviews Write a Review Update Info Contacts Reviews Q&A Unverified Listing Hotel name Oceans Restaurant Address Plot 24085, Zeerust Rd, Tlokweng, P.O.Box 403798, Gaborone , Botswana",Gaborone,"Botswana Business Directory - Local Botswana Sign in + Get Listed Data Hub Botswana Gaborone Restaurants Oceans Restaurant - Gaborone, Botswana 0.0 0 Reviews Write a Review Update Info Contacts Reviews Q&A Unverified Listing Hotel name Oceans Restaurant Address Plot 24085, Zeerust Rd, Tlokweng, P.O.Box 403798",+267 312 1045,,,,https://www.facebook.com/sharer/sharer.php?u=https%3A%2F%2Fwww.localbotswana.com%2Fcompany%2F338%2FOceans_Restaurant,,,,,,,
logos\oclin-pty-ltd.jpg,Oclin (pty() Ltd,"Botswana Business Directory - Local Botswana Sign in + Get Listed Data Hub Botswana Kanye Conferences Oclin (pty() Ltd - Kanye, Botswana 0.0 0 Reviews Write a Review Update Info Contacts Reviews Q&A Unverified Listing Hotel name Oclin (pty() Ltd Address Kanye , Botswana",Botswana 0.0 0 Reviews Write a Review Update Info Contacts Reviews Q&A Unverified Listing Hotel name Oclin (pty() Ltd Address Kanye,Botswana Business Directory - Local Botswana Sign in + Get Listed Data Hub Botswana Kanye Conferences Oclin (pty() Ltd - Kanye,+267 544 2433,,,,https://www.facebook.com/sharer/sharer.php?u=https%3A%2F%2Fwww.localbotswana.com%2Fcompany%2F473%2FOclin_pty_Ltd,,,,,,,
logos\p-k-liquor-restaurant.jpg,P K Liquor Restaurant,"Botswana Business Directory - Local Botswana Sign in + Get Listed Data Hub Botswana Serowe Restaurants P K Liquor Restaurant - Serowe, Botswana 0.0 0 Reviews Write a Review Update Info Contacts Reviews Q&A Unverified Listing Hotel name P K Liquor Restaurant Address P.O.Box 301649, Serowe , Botswana",Serowe,"Botswana Business Directory - Local Botswana Sign in + Get Listed Data Hub Botswana Serowe Restaurants P K Liquor Restaurant - Serowe, Botswana 0.0 0 Reviews Write a Review Update Info Contacts Reviews Q&A Unverified Listing Hotel name P K Liquor Restaurant Address P.O.Box 301649",,,,,https://www.facebook.com/sharer/sharer.php?u=https%3A%2F%2Fwww.localbotswana.com%2Fcompany%2F368%2FP_K_Liquor_Restaurant,,,,,,,
logos\palapye-hotel.jpg,Palapye Hotel,"Botswana Business Directory - Local Botswana Sign in + Get Listed Data Hub Botswana Palapye Conferences Palapye Hotel - Botswana 0.0 0 Reviews Write a Review Update Info Contacts Reviews Q&A Unverified Listing Hotel name Palapye Hotel Address near Railway Station A1 Road, P.O.Box 1, Palapye , Botswana",Palapye,"Botswana Business Directory - Local Botswana Sign in + Get Listed Data Hub Botswana Palapye Conferences Palapye Hotel - Botswana 0.0 0 Reviews Write a Review Update Info Contacts Reviews Q&A Unverified Listing Hotel name Palapye Hotel Address near Railway Station A1 Road, P.O.Box 1",+267 492 0278 +267 492 0277 +267 492 1740,,,,https://www.facebook.com/sharer/sharer.php?u=https%3A%2F%2Fwww.localbotswana.com%2Fcompany%2F474%2FPalapye_Hotel,,,,,,,
logos\panda-rest-camp.jpg,Panda Rest Camp,"Botswana Business Directory - Local Botswana Sign in + Get Listed Data Hub Botswana Maun Leisure Panda Rest Camp - Maun, Botswana 0.0 0 Reviews Write a Review Update Info Contacts Reviews Q&A Unverified Listing Hotel name Panda Rest Camp Address Pandamatenga, Chobe Ward, P.O.Box 10443, Maun , Botswana",Maun,"Botswana Business Directory - Local Botswana Sign in + Get Listed Data Hub Botswana Maun Leisure Panda Rest Camp - Maun, Botswana 0.0 0 Reviews Write a Review Update Info Contacts Reviews Q&A Unverified Listing Hotel name Panda Rest Camp Address Pandamatenga, Chobe Ward, P.O.Box 10443",,,,,https://www.facebook.com/sharer/sharer.php?u=https%3A%2F%2Fwww.localbotswana.com%2Fcompany%2F70%2FPanda_Rest_Camp,,,,,,,
logos\pavilion-restaurant.jpg,Pavilion Restaurant,"Botswana Business Directory - Local Botswana Sign in + Get Listed Data Hub Botswana Gaborone Restaurants Pavilion Restaurant - Gaborone, Botswana Pavilion Restaurant 3.0 1 Review Pavilion Restaurant Gaborone International Show Grounds, Bontleng +267 397 5555 https://www.localbotswana.com/img/site/default-business2.jpg Write a Review Update Info Contacts Reviews (1) Q&A (1) Unverified Listing Hotel name Pavilion Restaurant Address Gaborone International Show Grounds, Bontleng, Botswana",Bontleng,"Botswana Business Directory - Local Botswana Sign in + Get Listed Data Hub Botswana Gaborone Restaurants Pavilion Restaurant - Gaborone, Botswana Pavilion Restaurant 3.0 1 Review Pavilion Restaurant Gaborone International Show Grounds, Bontleng +267 397 5555 https://www.localbotswana.com/img/site/default-business2.jpg Write a Review Update Info Contacts Reviews (1) Q&A (1) Unverified Listing Hotel name Pavilion Restaurant Address Gaborone International Show Grounds",+267 397 5555,,+267 390 4263,www.fairgrounds.com,https://www.facebook.com/sharer/sharer.php?u=https%3A%2F%2Fwww.localbotswana.com%2Fcompany%2F300%2FPavilion_Restaurant%2F,,,,,,,
logos\peking-garden.jpg,Peking Garden,"Botswana Business Directory - Local Botswana Sign in + Get Listed Data Hub Botswana Gaborone Restaurants Peking Garden - Gaborone, Botswana 0.0 0 Reviews Write a Review Update Info Contacts Reviews Q&A Unverified Listing Hotel name Peking Garden Address Kgaleview Mall next to Debonairs, Gaborone , Botswana",Gaborone,"Botswana Business Directory - Local Botswana Sign in + Get Listed Data Hub Botswana Gaborone Restaurants Peking Garden - Gaborone, Botswana 0.0 0 Reviews Write a Review Update Info Contacts Reviews Q&A Unverified Listing Hotel name Peking Garden Address Kgaleview Mall next to Debonairs",,,,,https://www.facebook.com/sharer/sharer.php?u=https%3A%2F%2Fwww.localbotswana.com%2Fcompany%2F411%2FPeking_Garden,,,,,,,
logos\perekisi-enterprises.jpg,Perekisi Enterprises,"Botswana Business Directory - Local Botswana Sign in + Get Listed Data Hub Botswana Molepolole Arts and Crafts Perekisi Enterprises - Molepolole, Botswana 0.0 0 Reviews Write a Review Update Info Contacts Reviews Q&A Unverified Listing Hotel name Perekisi Enterprises Address Ntloedibe Ward, P.O.Box 1551, Molepolole , Botswana",Molepolole,"Botswana Business Directory - Local Botswana Sign in + Get Listed Data Hub Botswana Molepolole Arts and Crafts Perekisi Enterprises - Molepolole, Botswana 0.0 0 Reviews Write a Review Update Info Contacts Reviews Q&A Unverified Listing Hotel name Perekisi Enterprises Address Ntloedibe Ward, P.O.Box 1551",+267 592 1182,+267 7220 2245,,,https://www.facebook.com/sharer/sharer.php?u=https%3A%2F%2Fwww.localbotswana.com%2Fcompany%2F216%2FPerekisi_Enterprises,,,,,,,
logos\pizza-den.jpg,Pizza Den,"Botswana Business Directory - Local Botswana Sign in + Get Listed Data Hub Botswana Gaborone Restaurants Pizza Den - Gaborone, Botswana 0.0 0 Reviews Write a Review Update Info Contacts Reviews Q&A Unverified Listing Hotel name Pizza Den Address Kwena Mall, Mogoditshane, P.O.Box 404326, Gaborone , Botswana",Gaborone,"Botswana Business Directory - Local Botswana Sign in + Get Listed Data Hub Botswana Gaborone Restaurants Pizza Den - Gaborone, Botswana 0.0 0 Reviews Write a Review Update Info Contacts Reviews Q&A Unverified Listing Hotel name Pizza Den Address Kwena Mall, Mogoditshane, P.O.Box 404326",+267 390 2139,,,,https://www.facebook.com/sharer/sharer.php?u=https%3A%2F%2Fwww.localbotswana.com%2Fcompany%2F432%2FPizza_Den,,,,,,,
logos\pizza-den.jpg,Pizza Den,"Botswana Business Directory - Local Botswana Sign in + Get Listed Data Hub Botswana Gaborone Restaurants Pizza Den - Broadhurst - Gaborone, Botswana 0.0 0 Reviews Write a Review Update Info Contacts Reviews Q&A Unverified Listing Restaurant name Pizza Den - Broadhurst Address Plot 5641, Kubu Rd, P.O.Box 403766, Gaborone , Botswana",Gaborone,"Botswana Business Directory - Local Botswana Sign in + Get Listed Data Hub Botswana Gaborone Restaurants Pizza Den - Broadhurst - Gaborone, Botswana 0.0 0 Reviews Write a Review Update Info Contacts Reviews Q&A Unverified Listing Restaurant name Pizza Den - Broadhurst Address Plot 5641, Kubu Rd, P.O.Box 403766",,,,,https://www.facebook.com/sharer/sharer.php?u=https%3A%2F%2Fwww.localbotswana.com%2Fcompany%2F435%2FPizza_DenBroadhurst,,,,,,,
logos\pizza-house-pty-ltd.jpg,Pizza House (pty) Ltd,"Botswana Business Directory - Local Botswana Sign in + Get Listed Data Hub Botswana Francistown Restaurants Pizza House (pty) Ltd - Francistown, Botswana 0.0 0 Reviews Write a Review Update Info Contacts Reviews Q&A Unverified Listing Hotel name Pizza House (pty) Ltd Address Haskins St, Central, P.O.Box 10705, Francistown , Botswana",Francistown,"Botswana Business Directory - Local Botswana Sign in + Get Listed Data Hub Botswana Francistown Restaurants Pizza House (pty) Ltd - Francistown, Botswana 0.0 0 Reviews Write a Review Update Info Contacts Reviews Q&A Unverified Listing Hotel name Pizza House (pty) Ltd Address Haskins St, Central, P.O.Box 10705",+267 241 6099 +267 241 2064,,,,https://www.facebook.com/sharer/sharer.php?u=https%3A%2F%2Fwww.localbotswana.com%2Fcompany%2F264%2FPizza_House_pty_Ltd,,,,,,,
logos\pizza-hut-riverwalk-mall.jpg,Pizza Hut Riverwalk Mall,"- 4 Reviews Botswana Business Directory - Local Botswana Sign in + Get Listed Data Hub Botswana Gaborone Catering Pizza Hut Riverwalk Mall - Gaborone, Botswana Delicious pizza made fresh, enjoyed in a fun atmosphere. Pizza Hut Riverwalk Mall 2.0 4 Reviews Pizza Hut Riverwalk Mall Riverwalk Shopping Centre, Gaborone, Botswana +267 393 1917 https://www.localbotswana.com/img/bw/s/_1528703073-37-pizza-hut-riverwalk-mall.jpg Write a Review Update Info Contacts Map Reviews (4) Q&A (1) Verified Listing +8 Years With Us Restaurant name Pizza Hut Riverwalk Mall Address Riverwalk Shopping Centre, Gaborone , Botswana",Gaborone,"- 4 Reviews Botswana Business Directory - Local Botswana Sign in + Get Listed Data Hub Botswana Gaborone Catering Pizza Hut Riverwalk Mall - Gaborone, Botswana Delicious pizza made fresh, enjoyed in a fun atmosphere. Pizza Hut Riverwalk Mall 2.0 4 Reviews Pizza Hut Riverwalk Mall Riverwalk Shopping Centre, Gaborone, Botswana +267 393 1917 https://www.localbotswana.com/img/bw/s/_1528703073-37-pizza-hut-riverwalk-mall.jpg Write a Review Update Info Contacts Map Reviews (4) Q&A (1) Verified Listing +8 Years With Us Restaurant name Pizza Hut Riverwalk Mall Address Riverwalk Shopping Centre",+267 393 1917,,,pizzahutcustomercare@dsg.co.zaÂ Â Working hours Monday: 08:00 - 17:00 Tuesday: 08:00 - 17:00 Wednesday: 08:00 - 17:00 Thursday: 08:00 - 17:00 Friday: 08:00 - 17:00 Saturday: 08:00 - 17:00 Sunday: 08:00 - 17:00,https://www.facebook.com/sharer/sharer.php?u=https%3A%2F%2Fwww.localbotswana.com%2Fcompany%2F14527%2FPizza_Hut_Riverwalk_Mall,,,,,,2010,"The Pizza Hut story begins in May 1958. Dan and Frank Carney opened their 550-squarefoot pizza restaurant in Wichita, Kansas. Dan and Frank, with friends Richard Beemer and John Bender, made the pizza themselves. Frank rolled the dough with a rolling pin. Richard tossed the dough in the air from the pie tin. Dan filled the unbaked crust with sauce. John flipped the pie from the tin during the baking process. Dan Carney recalled, ""The people were enchanted with the product, watching us tossing the dough over our heads. They were really enjoying themselvesâ¦."""
logos\pizza-hut-riverwalk-mall.jpg,Pizza Hut Riverwalk Mall,"Botswana Business Directory - Local Botswana Sign in + Get Listed Data Hub Botswana Gaborone Restaurants Pizza Hut Riverwalk Mall - Gaborone, Botswana Delicious pizza delivered or enjoyed in a family-friendly setting. 0.0 0 Reviews Write a Review Update Info Contacts Reviews Q&A Verified Listing +7 Years With Us Restaurant name Pizza Hut Riverwalk Mall Address 7279 Jersey, Riverwalk Mall, Gaborone , Botswana",Gaborone,"Botswana Business Directory - Local Botswana Sign in + Get Listed Data Hub Botswana Gaborone Restaurants Pizza Hut Riverwalk Mall - Gaborone, Botswana Delicious pizza delivered or enjoyed in a family-friendly setting. 0.0 0 Reviews Write a Review Update Info Contacts Reviews Q&A Verified Listing +7 Years With Us Restaurant name Pizza Hut Riverwalk Mall Address 7279 Jersey, Riverwalk Mall",+267 393 1917,,,,https://www.facebook.com/sharer/sharer.php?u=https%3A%2F%2Fwww.localbotswana.com%2Fcompany%2F14846%2FPizza_Hut_Riverwalk_Mall,,,,,,1958,"Pizza Hut Riverwalk Mall, located in the Riverwalk Mall, Gaborone, is a family friendly pizza restaurant. We have a wide range of delicious pizza for you to enjoy from the comfort of your home/office with our free delivery service or at our restaurant. Come and enjoy a great experience, great specials and excellent pizzas with friends and family. Visit our website today for more information or come through to our branch! We hope to see you soon"
logos\pizzaria-grill.jpg,Pizzaria & Grill,"Botswana Business Directory - Local Botswana Sign in + Get Listed Data Hub Botswana Gaborone Restaurants Pizzaria & Grill - Gaborone, Botswana 0.0 0 Reviews Write a Review Update Info Contacts Reviews Q&A Unverified Listing Restaurant name Pizzaria & Grill Address BP Filling Station Kgale View, Gaborone , Botswana",Gaborone,"Botswana Business Directory - Local Botswana Sign in + Get Listed Data Hub Botswana Gaborone Restaurants Pizzaria & Grill - Gaborone, Botswana 0.0 0 Reviews Write a Review Update Info Contacts Reviews Q&A Unverified Listing Restaurant name Pizzaria & Grill Address BP Filling Station Kgale View",+267 395 3433,,,,https://www.facebook.com/sharer/sharer.php?u=https%3A%2F%2Fwww.localbotswana.com%2Fcompany%2F438%2FPizzaria_Grill,,,,,,,
logos\pizzaria-grill.jpg,Pizzaria & Grill,"Botswana Business Directory - Local Botswana Sign in + Get Listed Data Hub Botswana Gaborone Restaurants Pizzaria & Grill - Gaborone, Botswana 0.0 0 Reviews Write a Review Update Info Contacts Reviews Q&A Unverified Listing Restaurant name Pizzaria & Grill Address Lot 6670 Unit7a, Mogoditshane, P.O.Box 1765, Gaborone , Botswana",Gaborone,"Botswana Business Directory - Local Botswana Sign in + Get Listed Data Hub Botswana Gaborone Restaurants Pizzaria & Grill - Gaborone, Botswana 0.0 0 Reviews Write a Review Update Info Contacts Reviews Q&A Unverified Listing Restaurant name Pizzaria & Grill Address Lot 6670 Unit7a, Mogoditshane, P.O.Box 1765",,,,,https://www.facebook.com/sharer/sharer.php?u=https%3A%2F%2Fwww.localbotswana.com%2Fcompany%2F439%2FPizzaria_Grill,,,,,,,
logos\primeyard.jpg,Primeyard,"Botswana Business Directory - Local Botswana Sign in + Get Listed Data Hub Botswana Gaborone Restaurants Primeyard - Gaborone, Botswana 0.0 0 Reviews Write a Review Update Info Contacts Reviews Q&A Unverified Listing Hotel name Primeyard Address Unit30 River Walk Shop Ctr, Tlokweng Rd, P.O.Box 21077, Gaborone , Botswana",Gaborone,"Botswana Business Directory - Local Botswana Sign in + Get Listed Data Hub Botswana Gaborone Restaurants Primeyard - Gaborone, Botswana 0.0 0 Reviews Write a Review Update Info Contacts Reviews Q&A Unverified Listing Hotel name Primeyard Address Unit30 River Walk Shop Ctr, Tlokweng Rd, P.O.Box 21077",+267 370 0181 +267 370 0069,,,,https://www.facebook.com/sharer/sharer.php?u=https%3A%2F%2Fwww.localbotswana.com%2Fcompany%2F344%2FPrimeyard,,,,,,,
logos\primi-piatti.jpg,Primi Piatti,"Botswana Business Directory - Local Botswana Sign in + Get Listed Data Hub Botswana Gaborone Restaurants Primi Piatti - Gaborone, Botswana Primi Piatti 5.0 1 Review Primi Piatti Shop 30 Riverwalk Mall, P.O.Box 21077 +267 370 0068, +267 370 0068 https://www.localbotswana.com/img/site/default-business2.jpg Write a Review Update Info Contacts Reviews (1) Q&A Unverified Listing Hotel name Primi Piatti Address Shop 30 Riverwalk Mall, P.O.Box 21077, Gaborone , Botswana",Gaborone,"Botswana Business Directory - Local Botswana Sign in + Get Listed Data Hub Botswana Gaborone Restaurants Primi Piatti - Gaborone, Botswana Primi Piatti 5.0 1 Review Primi Piatti Shop 30 Riverwalk Mall, P.O.Box 21077 +267 370 0068, +267 370 0068 https://www.localbotswana.com/img/site/default-business2.jpg Write a Review Update Info Contacts Reviews (1) Q&A Unverified Listing Hotel name Primi Piatti Address Shop 30 Riverwalk Mall, P.O.Box 21077",+267 370 0068 +267 370 0068,+267 7127 4224,+267 370 0182,www.primiworld.com,https://www.facebook.com/sharer/sharer.php?u=https%3A%2F%2Fwww.localbotswana.com%2Fcompany%2F340%2FPrimi_Piatti,,,,,,,
logos\rainbow-store-and-restaurant.jpg,Rainbow Store And Restaurant,"Botswana Business Directory - Local Botswana Sign in + Get Listed Data Hub Botswana Lobatse Restaurants Rainbow Store And Restaurant - Lobatse, Botswana 0.0 0 Reviews Write a Review Update Info Contacts Reviews Q&A Unverified Listing Hotel name Rainbow Store And Restaurant Address P.O.Box 310, Lobatse , Botswana",Lobatse,"Botswana Business Directory - Local Botswana Sign in + Get Listed Data Hub Botswana Lobatse Restaurants Rainbow Store And Restaurant - Lobatse, Botswana 0.0 0 Reviews Write a Review Update Info Contacts Reviews Q&A Unverified Listing Hotel name Rainbow Store And Restaurant Address P.O.Box 310",,,,,https://www.facebook.com/sharer/sharer.php?u=https%3A%2F%2Fwww.localbotswana.com%2Fcompany%2F236%2FRainbow_Store_And_Restaurant,,,,,,,
logos\red-lantern.jpg,Red Lantern,"Botswana Business Directory - Local Botswana Sign in + Get Listed Data Hub Botswana Gaborone Restaurants Red Lantern - Gaborone, Botswana 0.0 0 Reviews Write a Review Update Info Contacts Reviews Q&A Unverified Listing Hotel name Red Lantern Address Plot 5641, Broadhurst, P.O.Box 403265, Gaborone , Botswana",Gaborone,"Botswana Business Directory - Local Botswana Sign in + Get Listed Data Hub Botswana Gaborone Restaurants Red Lantern - Gaborone, Botswana 0.0 0 Reviews Write a Review Update Info Contacts Reviews Q&A Unverified Listing Hotel name Red Lantern Address Plot 5641, Broadhurst, P.O.Box 403265",+267 390 8514,,,,https://www.facebook.com/sharer/sharer.php?u=https%3A%2F%2Fwww.localbotswana.com%2Fcompany%2F386%2FRed_Lantern,,,,,,,
logos\rendezurs-restuarant.jpg,Rendezurs Restuarant,"Botswana Business Directory - Local Botswana Sign in + Get Listed Data Hub Botswana Maun Restaurants Rendezurs Restuarant - Maun, Botswana 0.0 0 Reviews Write a Review Update Info Contacts Reviews Q&A Unverified Listing Hotel name Rendezurs Restuarant Address New Mall Engine Complex, Maun , Botswana",Maun,"Botswana Business Directory - Local Botswana Sign in + Get Listed Data Hub Botswana Maun Restaurants Rendezurs Restuarant - Maun, Botswana 0.0 0 Reviews Write a Review Update Info Contacts Reviews Q&A Unverified Listing Hotel name Rendezurs Restuarant Address New Mall Engine Complex",+267 686 2526,,,,https://www.facebook.com/sharer/sharer.php?u=https%3A%2F%2Fwww.localbotswana.com%2Fcompany%2F310%2FRendezurs_Restuarant,,,,,,,
logos\rio-cafe-deli.jpg,Rio Cafe Deli,"Botswana Business Directory - Local Botswana Sign in + Get Listed Data Hub Botswana Gaborone Restaurants Rio Cafe Deli - Gaborone, Botswana 0.0 0 Reviews Write a Review Update Info Contacts Reviews Q&A Unverified Listing Hotel name Rio Cafe Deli Address Mogoditshane Boseja Ward, P.O.Box 1171, Gaborone , Botswana",Gaborone,"Botswana Business Directory - Local Botswana Sign in + Get Listed Data Hub Botswana Gaborone Restaurants Rio Cafe Deli - Gaborone, Botswana 0.0 0 Reviews Write a Review Update Info Contacts Reviews Q&A Unverified Listing Hotel name Rio Cafe Deli Address Mogoditshane Boseja Ward, P.O.Box 1171",+267 391 6302 +267 391 0792,,,,https://www.facebook.com/sharer/sharer.php?u=https%3A%2F%2Fwww.localbotswana.com%2Fcompany%2F206%2FRio_Cafe_Deli,,,,,,,
logos\rio-cafe-deli.jpg,Rio Cafe Deli,"Botswana Business Directory - Local Botswana Sign in + Get Listed Data Hub Botswana Gaborone Restaurants Rio Cafe Deli - Gaborone, Botswana 0.0 0 Reviews Write a Review Update Info Contacts Reviews Q&A Unverified Listing Hotel name Rio Cafe Deli Address Shop 101 Game City, Kgale View, P.O.Box 1543, Gaborone , Botswana",Gaborone,"Botswana Business Directory - Local Botswana Sign in + Get Listed Data Hub Botswana Gaborone Restaurants Rio Cafe Deli - Gaborone, Botswana 0.0 0 Reviews Write a Review Update Info Contacts Reviews Q&A Unverified Listing Hotel name Rio Cafe Deli Address Shop 101 Game City, Kgale View, P.O.Box 1543",+267 391 0792,+267 7125 6892,,,https://www.facebook.com/sharer/sharer.php?u=https%3A%2F%2Fwww.localbotswana.com%2Fcompany%2F331%2FRio_Cafe_Deli,,,,,,,
logos\road-and-rail-restaurant.jpg,Road And Rail Restaurant,"Botswana Business Directory - Local Botswana Sign in + Get Listed Data Hub Botswana Mochudi Restaurants Road And Rail Restaurant - Mochudi, Botswana 0.0 0 Reviews Write a Review Update Info Contacts Reviews Q&A Unverified Listing Hotel name Road And Rail Restaurant Address P.O.Box 448, Mochudi , Botswana",Mochudi,"Botswana Business Directory - Local Botswana Sign in + Get Listed Data Hub Botswana Mochudi Restaurants Road And Rail Restaurant - Mochudi, Botswana 0.0 0 Reviews Write a Review Update Info Contacts Reviews Q&A Unverified Listing Hotel name Road And Rail Restaurant Address P.O.Box 448",,,,,https://www.facebook.com/sharer/sharer.php?u=https%3A%2F%2Fwww.localbotswana.com%2Fcompany%2F221%2FRoad_And_Rail_Restaurant,,,,,,,
logos\rural-industries-promotions-company-botswana-ripco.jpg,Rural Industries Promotions Company (botswana) Ripco,"Gaborone , Botswana",Gaborone,,+267 365 1200,,,,https://www.facebook.com/sharer/sharer.php?u=https%3A%2F%2Fwww.localbotswana.com%2Fcompany%2F224%2FRural_Industries_Promotions_Company_botswana_Ripco,,,,,,,
logos\s-m-associates.jpg,S M Associates,"Botswana Business Directory - Local Botswana Sign in + Get Listed Data Hub Botswana Maun Restaurants S M Associates - Maun, Botswana 0.0 0 Reviews Write a Review Update Info Contacts Reviews Q&A Unverified Listing Hotel name S M Associates Address Above Standard Chartered, P.O.Box 1681, Maun , Botswana",Maun,"Botswana Business Directory - Local Botswana Sign in + Get Listed Data Hub Botswana Maun Restaurants S M Associates - Maun, Botswana 0.0 0 Reviews Write a Review Update Info Contacts Reviews Q&A Unverified Listing Hotel name S M Associates Address Above Standard Chartered, P.O.Box 1681",,,,,https://www.facebook.com/sharer/sharer.php?u=https%3A%2F%2Fwww.localbotswana.com%2Fcompany%2F316%2FS_M_Associates,,,,,,,
logos\safaris-unravelled-pty-ltd-ta-markab-cakes.jpg,Safaris Unravelled (Pty) Ltd t/a Markab Cakes,"P.O.Box 10959 Selibe -Phikwe, Botswana Leseding Ward Shopping Complex, Selibe Phikwe",Selibe Phikwe,"P.O.Box 10959 Selibe -Phikwe, Botswana Leseding Ward Shopping Complex",+267 2610401,+267 77143788 77106001,2610401 Working hours Monday: 08:00 am- 07:00 pm Tuesday: 08:00 am- 07:00 pm Wednesday: 08:00 am- 07:00 pm Thursday: 08:00 am- 07:00 pm Friday: 08:00 am- 07:00 pm Saturday: 08:00 am- 07:00 pm Sunday: closed Company manager Marea Muzimo-Kabelo,,https://www.facebook.com/sharer/sharer.php?u=https%3A%2F%2Fwww.localbotswana.com%2Fcompany%2F14176%2FSafaris_Unravelled_Pty_Ltd_ta_Markab_Cakes,,,,,,2016,"Safaris Unravelled (Pty)Ltd currently trading as Markab Cakes & Restaurant is Batswana owned local company based in Selibe Phikwe,Botswana at Leseding Ward Shopping Complex,plot no 5004/3(shop no.3). The company offers the following services: -themed cakes for all kinds of events -daily restaurant services-tasty delicious African and European dishes -catering services for all events -full party and shower packages-venue,decor,catering,thank you gifts -snack and sandwich platters"
logos\salt-and-pepper-liquor-restaurant.jpg,Salt And Pepper Liquor Restaurant,"Botswana Business Directory - Local Botswana Sign in + Get Listed Data Hub Botswana Molepolole Restaurants Salt And Pepper Liquor Restaurant - Molepolole, Botswana 0.0 0 Reviews Write a Review Update Info Contacts Reviews Q&A Unverified Listing Hotel name Salt And Pepper Liquor Restaurant Address P.O.Box 1307, Molepolole , Botswana",Molepolole,"Botswana Business Directory - Local Botswana Sign in + Get Listed Data Hub Botswana Molepolole Restaurants Salt And Pepper Liquor Restaurant - Molepolole, Botswana 0.0 0 Reviews Write a Review Update Info Contacts Reviews Q&A Unverified Listing Hotel name Salt And Pepper Liquor Restaurant Address P.O.Box 1307",,,,,https://www.facebook.com/sharer/sharer.php?u=https%3A%2F%2Fwww.localbotswana.com%2Fcompany%2F293%2FSalt_And_Pepper_Liquor_Restaurant,,,,,,,
logos\scooters.jpg,Scooters,"Botswana Business Directory - Local Botswana Sign in + Get Listed Data Hub Botswana Gaborone Restaurants Scooters - Gaborone, Botswana 0.0 0 Reviews Write a Review Update Info Contacts Reviews Q&A Unverified Listing Hotel name Scooters Address Shop 83 Game City, P.O.Box 1002, Gaborone , Botswana",Gaborone,"Botswana Business Directory - Local Botswana Sign in + Get Listed Data Hub Botswana Gaborone Restaurants Scooters - Gaborone, Botswana 0.0 0 Reviews Write a Review Update Info Contacts Reviews Q&A Unverified Listing Hotel name Scooters Address Shop 83 Game City, P.O.Box 1002",,,,,https://www.facebook.com/sharer/sharer.php?u=https%3A%2F%2Fwww.localbotswana.com%2Fcompany%2F369%2FScooters,,,,,,,
logos\serendib-restaurant.jpg,Serendib Restaurant,"Botswana Business Directory - Local Botswana Sign in + Get Listed Data Hub Botswana Gaborone Restaurants Serendib Restaurant - Gaborone, Botswana 0.0 0 Reviews Write a Review Update Info Contacts Reviews Q&A Unverified Listing Hotel name Serendib Restaurant Address Blk3, P.O.Box 20670, Gaborone , Botswana",Gaborone,"Botswana Business Directory - Local Botswana Sign in + Get Listed Data Hub Botswana Gaborone Restaurants Serendib Restaurant - Gaborone, Botswana 0.0 0 Reviews Write a Review Update Info Contacts Reviews Q&A Unverified Listing Hotel name Serendib Restaurant Address Blk3, P.O.Box 20670",,,,,https://www.facebook.com/sharer/sharer.php?u=https%3A%2F%2Fwww.localbotswana.com%2Fcompany%2F394%2FSerendib_Restaurant,,,,,,,
logos\shoshong-supermarket.jpg,Shoshong Supermarket,"Botswana Business Directory - Local Botswana Sign in + Get Listed Data Hub Botswana Shoshong Restaurants Shoshong Supermarket - Botswana 0.0 0 Reviews Write a Review Update Info Contacts Reviews Q&A Unverified Listing Hotel name Shoshong Supermarket Address Phaleng Ward, P.O.Box 9, Shoshong , Botswana",Shoshong,"Botswana Business Directory - Local Botswana Sign in + Get Listed Data Hub Botswana Shoshong Restaurants Shoshong Supermarket - Botswana 0.0 0 Reviews Write a Review Update Info Contacts Reviews Q&A Unverified Listing Hotel name Shoshong Supermarket Address Phaleng Ward, P.O.Box 9",+267 476 9226,,,,https://www.facebook.com/sharer/sharer.php?u=https%3A%2F%2Fwww.localbotswana.com%2Fcompany%2F315%2FShoshong_Supermarket,,,,,,,
logos\silver-spur-steakhouse.jpg,Silver Spur Steakhouse,"Botswana Business Directory - Local Botswana Sign in + Get Listed Data Hub Botswana Francistown Restaurants Silver Spur Steakhouse - Francistown, Botswana 0.0 0 Reviews Write a Review Update Info Contacts Reviews Q&A Unverified Listing Hotel name Silver Spur Steakhouse Address Swap Bldg, P.O.Box 337, Francistown , Botswana",Francistown,"Botswana Business Directory - Local Botswana Sign in + Get Listed Data Hub Botswana Francistown Restaurants Silver Spur Steakhouse - Francistown, Botswana 0.0 0 Reviews Write a Review Update Info Contacts Reviews Q&A Unverified Listing Hotel name Silver Spur Steakhouse Address Swap Bldg, P.O.Box 337",+267 241 4290,,,,https://www.facebook.com/sharer/sharer.php?u=https%3A%2F%2Fwww.localbotswana.com%2Fcompany%2F272%2FSilver_Spur_Steakhouse,,,,,,,
logos\something-fishy.jpg,Something Fishy,,,,,,,,https://www.facebook.com/sharer/sharer.php?u=https%3A%2F%2Fwww.localbotswana.com%2Fcompany%2F342%2FSomething_Fishy,,,,,,,
logos\southern-liquor-restaurant.jpg,Southern Liquor Restaurant,"Botswana Business Directory - Local Botswana Sign in + Get Listed Data Hub Botswana Lobatse Restaurants Southern Liquor Restaurant - Lobatse, Botswana 0.0 0 Reviews Write a Review Update Info Contacts Reviews Q&A Unverified Listing Hotel name Southern Liquor Restaurant Address Plot 115 BDC Bldg, P.O.Box 271, Lobatse , Botswana",Lobatse,"Botswana Business Directory - Local Botswana Sign in + Get Listed Data Hub Botswana Lobatse Restaurants Southern Liquor Restaurant - Lobatse, Botswana 0.0 0 Reviews Write a Review Update Info Contacts Reviews Q&A Unverified Listing Hotel name Southern Liquor Restaurant Address Plot 115 BDC Bldg, P.O.Box 271",,,,,https://www.facebook.com/sharer/sharer.php?u=https%3A%2F%2Fwww.localbotswana.com%2Fcompany%2F329%2FSouthern_Liquor_Restaurant,,,,,,,
logos\spice-flame.jpg,Spice & Flame,"Botswana Business Directory - Local Botswana Sign in + Get Listed Data Hub Botswana Gaborone Restaurants Spice & Flame - Gaborone, Botswana 0.0 0 Reviews Write a Review Update Info Contacts Reviews Q&A Unverified Listing Hotel name Spice & Flame Address Plot 13102 Ext24, Maruapula, P.O.Box 401868, Gaborone , Botswana",Gaborone,"Botswana Business Directory - Local Botswana Sign in + Get Listed Data Hub Botswana Gaborone Restaurants Spice & Flame - Gaborone, Botswana 0.0 0 Reviews Write a Review Update Info Contacts Reviews Q&A Unverified Listing Hotel name Spice & Flame Address Plot 13102 Ext24, Maruapula, P.O.Box 401868",+267 390 4141,,,,https://www.facebook.com/sharer/sharer.php?u=https%3A%2F%2Fwww.localbotswana.com%2Fcompany%2F379%2FSpice_Flame,,,,,,,
logos\spur-at-metcourt-hotel-francistown.jpg,"Spur At Metcourt Hotel, Francistown","Botswana Business Directory - Local Botswana Sign in + Get Listed Data Hub Botswana Francistown Restaurants Spur At Metcourt Hotel, Francistown - Botswana Spur At Metcourt Hotel, Francistown 1.0 1 Review Spur At Metcourt Hotel, Francistown +267 244 1160 https://www.localbotswana.com/img/site/default-business2.jpg Write a Review Update Info Contacts Reviews (1) Q&A Unverified Listing Hotel name Spur At Metcourt Hotel, Francistown Address Francistown , Botswana",Francistown Address Francistown,"Botswana Business Directory - Local Botswana Sign in + Get Listed Data Hub Botswana Francistown Restaurants Spur At Metcourt Hotel, Francistown - Botswana Spur At Metcourt Hotel, Francistown 1.0 1 Review Spur At Metcourt Hotel, Francistown +267 244 1160 https://www.localbotswana.com/img/site/default-business2.jpg Write a Review Update Info Contacts Reviews (1) Q&A Unverified Listing Hotel name Spur At Metcourt Hotel",+267 244 1160,,,,https://www.facebook.com/sharer/sharer.php?u=https%3A%2F%2Fwww.localbotswana.com%2Fcompany%2F428%2FSpur_At_Metcourt_HotelFrancistown,,,,,,,
logos\steers.jpg,Steers,"Botswana Business Directory - Local Botswana Sign in + Get Listed Data Hub Botswana Maun Restaurants Steers - Maun, Botswana 0.0 0 Reviews Write a Review Update Info Contacts Reviews Q&A (1) Unverified Listing Hotel name Steers Address P.O.Box 147, Maun , Botswana",Maun,"Botswana Business Directory - Local Botswana Sign in + Get Listed Data Hub Botswana Maun Restaurants Steers - Maun, Botswana 0.0 0 Reviews Write a Review Update Info Contacts Reviews Q&A (1) Unverified Listing Hotel name Steers Address P.O.Box 147",,,,,https://www.facebook.com/sharer/sharer.php?u=https%3A%2F%2Fwww.localbotswana.com%2Fcompany%2F274%2FSteers,,,,,,,
logos\steers-broadhurst.jpg,Steers Broadhurst,"Botswana Business Directory - Local Botswana Sign in + Get Listed Data Hub Botswana Gaborone Restaurants Steers Broadhurst - Gaborone, Botswana 0.0 0 Reviews Write a Review Update Info Contacts Reviews Q&A Unverified Listing Hotel name Steers Broadhurst Address Plot 13142 BBS Mall, Gaborone , Botswana",Gaborone,"Botswana Business Directory - Local Botswana Sign in + Get Listed Data Hub Botswana Gaborone Restaurants Steers Broadhurst - Gaborone, Botswana 0.0 0 Reviews Write a Review Update Info Contacts Reviews Q&A Unverified Listing Hotel name Steers Broadhurst Address Plot 13142 BBS Mall",+267 393 5152 +267 393 5151,,,,https://www.facebook.com/sharer/sharer.php?u=https%3A%2F%2Fwww.localbotswana.com%2Fcompany%2F387%2FSteers_Broadhurst,,,,,,,
logos\steers-riverwalk.png,Steers Riverwalk,"Botswana Business Directory - Local Botswana Sign in + Get Listed Data Hub Botswana Gaborone Restaurants Steers Riverwalk - Gaborone, Botswana Freshly grilled burgers and handmade chips made daily. Steers Riverwalk 2.0 1 Review Steers Riverwalk Shop 37, Riverwalk, P.O.Box 40244 +267 370 0183, +267 370 0184 https://www.localbotswana.com/img/bw/x/_1608231901-21-steers-riverwalk.png Write a Review Update Info Contacts Map Reviews (1) Q&A Verified Listing Hotel name Steers Riverwalk Address Shop 37, Riverwalk, P.O.Box 40244, Gaborone , Botswana",Gaborone,"Botswana Business Directory - Local Botswana Sign in + Get Listed Data Hub Botswana Gaborone Restaurants Steers Riverwalk - Gaborone, Botswana Freshly grilled burgers and handmade chips made daily. Steers Riverwalk 2.0 1 Review Steers Riverwalk Shop 37, Riverwalk, P.O.Box 40244 +267 370 0183, +267 370 0184 https://www.localbotswana.com/img/bw/x/_1608231901-21-steers-riverwalk.png Write a Review Update Info Contacts Map Reviews (1) Q&A Verified Listing Hotel name Steers Riverwalk Address Shop 37, Riverwalk, P.O.Box 40244",+267 370 0183 +267 370 0184,,+267 370 0185,www.facebook.com/SteersBotswana/ Working hours Monday: 09:00 - 23:00 Tuesday: 09:00 - 23:00 Wednesday: 09:00 - 23:00 Thursday: 09:00 - 23:00 Friday: 09:00 - 22:00 Saturday: 09:00 - 22:00 Sunday: 09:00 - 23:00,www.facebook.com/SteersBotswana/ Working hours Monday: 09:00 - 23:00 Tuesday: 09:00 - 23:00 Wednesday: 09:00 - 23:00 Thursday: 09:00 - 23:00 Friday: 09:00 - 22:00 Saturday: 09:00 - 22:00 Sunday: 09:00 - 23:00,,,,,,,"100% PURE BEEF PATTIES -------------------------------------------------- Our unique blend of 100% Pure Beef & spices is ground fresh &then Flame-grilled in-store to order. Our burgers are also available in a flame-grilled Chicken fillet or in our delicious Veggie patty. You choose. FRESH BREAD ROLLS --------------------------------------------------- Freshly baked in our own bakery, Prepared & delivered fresh. FRESH TOMATOES & LETTUCE ---------------------------------------------------- Only the freshest lettuce and Juiciest tomatoes are selected for our burgers and delivered daily to our stores. CHEESY CHEDDER CHEESE ---------------------------------------------------- Delicious slices of cheddar cheese selected especially for our burgers. FRESH HANDMADE CHIPS PREPARED DAILY ----------------------------------------------------- Our chips are freshly made from the highest quality potatoes in the kitchen of your favourite Steers restaurant. At Steers we also make Show more sure that we use the highest quality vegetable oil, carefully control our frying temperature and regularly replace used oil with clean oil. STEERS ORIGINAL SAUCES ----------------------------------------------------- Steers burgers wouldnât be the same without the final touch of steerâs famous sauces. We specially select complimentary flavours using a wide range of our own made sauces to ensure your burger is the best youâll ever have, every time"
logos\steers-game-city.jpg,Steers-game City,"Botswana Business Directory - Local Botswana Sign in + Get Listed Data Hub Botswana Gaborone Restaurants Steers-game City - Gaborone, Botswana 0.0 0 Reviews Write a Review Update Info Contacts Reviews Q&A Unverified Listing Hotel name Steers-game City Address Game City, P.O.Box 40244, Gaborone , Botswana",Gaborone,"Botswana Business Directory - Local Botswana Sign in + Get Listed Data Hub Botswana Gaborone Restaurants Steers-game City - Gaborone, Botswana 0.0 0 Reviews Write a Review Update Info Contacts Reviews Q&A Unverified Listing Hotel name Steers-game City Address Game City, P.O.Box 40244",+267 391 0715 +267 391 0716,,,,https://www.facebook.com/sharer/sharer.php?u=https%3A%2F%2Fwww.localbotswana.com%2Fcompany%2F336%2FSteers_game_City,,,,,,,
logos\stop-for-a-bite.jpg,Stop For A Bite,"Botswana Business Directory - Local Botswana Sign in + Get Listed Data Hub Botswana Letlhakane Restaurants Stop For A Bite - Letlhakane, Botswana 0.0 0 Reviews Write a Review Update Info Contacts Reviews Q&A Unverified Listing Hotel name Stop For A Bite Address Letlhakane Mine, P.O.Box 520, Botswana",P.O.Box 520,"Botswana Business Directory - Local Botswana Sign in + Get Listed Data Hub Botswana Letlhakane Restaurants Stop For A Bite - Letlhakane, Botswana 0.0 0 Reviews Write a Review Update Info Contacts Reviews Q&A Unverified Listing Hotel name Stop For A Bite Address Letlhakane Mine",,,,,https://www.facebook.com/sharer/sharer.php?u=https%3A%2F%2Fwww.localbotswana.com%2Fcompany%2F328%2FStop_For_A_Bite,,,,,,,
logos\succes-investment-pty-ltd.jpg,Succes Investment (pty) Ltd,"Botswana Business Directory - Local Botswana Sign in + Get Listed Data Hub Botswana Gaborone Restaurants Succes Investment (pty) Ltd - Gaborone, Botswana 0.0 0 Reviews Write a Review Update Info Contacts Reviews Q&A Unverified Listing Hotel name Succes Investment (pty) Ltd Address P.O.Box 1850, Gaborone , Botswana",Gaborone,"Botswana Business Directory - Local Botswana Sign in + Get Listed Data Hub Botswana Gaborone Restaurants Succes Investment (pty) Ltd - Gaborone, Botswana 0.0 0 Reviews Write a Review Update Info Contacts Reviews Q&A Unverified Listing Hotel name Succes Investment (pty) Ltd Address P.O.Box 1850",,,,,https://www.facebook.com/sharer/sharer.php?u=https%3A%2F%2Fwww.localbotswana.com%2Fcompany%2F288%2FSucces_Investment_pty_Ltd,,,,,,,
logos\swiss-chalet.jpg,Swiss Chalet,"Botswana Business Directory - Local Botswana Sign in + Get Listed Data Hub Botswana Gaborone Leisure Swiss Chalet - Gaborone, Botswana 0.0 0 Reviews Write a Review Update Info Contacts Reviews Q&A (3) Unverified Listing Hotel name Swiss Chalet Address Plot 4, Tlokweng Rd, Gaborone , Botswana",Gaborone,"Botswana Business Directory - Local Botswana Sign in + Get Listed Data Hub Botswana Gaborone Leisure Swiss Chalet - Gaborone, Botswana 0.0 0 Reviews Write a Review Update Info Contacts Reviews Q&A (3) Unverified Listing Hotel name Swiss Chalet Address Plot 4, Tlokweng Rd",+267 392 5172,,,,https://www.facebook.com/sharer/sharer.php?u=https%3A%2F%2Fwww.localbotswana.com%2Fcompany%2F82%2FSwiss_Chalet,,,,,,,
logos\swiss-inn.jpg,Swiss Inn,"Botswana Business Directory - Local Botswana Sign in + Get Listed Data Hub Botswana Gaborone Restaurants Swiss Inn - Gaborone, Botswana 0.0 0 Reviews Write a Review Update Info Contacts Reviews Q&A Unverified Listing Hotel name Swiss Inn Address Molapo Crossing, Gaborone , Botswana",Gaborone,"Botswana Business Directory - Local Botswana Sign in + Get Listed Data Hub Botswana Gaborone Restaurants Swiss Inn - Gaborone, Botswana 0.0 0 Reviews Write a Review Update Info Contacts Reviews Q&A Unverified Listing Hotel name Swiss Inn Address Molapo Crossing",+267 371 0096,,,,https://www.facebook.com/sharer/sharer.php?u=https%3A%2F%2Fwww.localbotswana.com%2Fcompany%2F415%2FSwiss_Inn,,,,,,,
logos\syringa-lodge.jpg,Syringa Lodge,"Botswana Business Directory - Local Botswana Sign in + Get Listed Data Hub Botswana Selibe Phikwe Leisure Syringa Lodge - Selibe Phikwe, Botswana Comfortable hotel with restaurant, pool, and conference rooms. 0.0 0 Reviews Write a Review Update Info Contacts Map Reviews Q&A Verified Listing Hotel name Syringa Lodge Address P.O.Box 254, Selebi-Phikwe, Botswana, Selibe Phikwe",Selibe Phikwe,"Botswana Business Directory - Local Botswana Sign in + Get Listed Data Hub Botswana Selibe Phikwe Leisure Syringa Lodge - Selibe Phikwe, Botswana Comfortable hotel with restaurant, pool, and conference rooms. 0.0 0 Reviews Write a Review Update Info Contacts Map Reviews Q&A Verified Listing Hotel name Syringa Lodge Address P.O.Box 254, Selebi-Phikwe, Botswana",+267 261 0444,,+267 261 0450,www.syringa.co.bw,https://www.facebook.com/sharer/sharer.php?u=https%3A%2F%2Fwww.localbotswana.com%2Fcompany%2F27%2FSyringa_Lodge_Spur,,,,,,1989,"Established in 1989, Syringa Lodge is a full-service hotel located in the town of Selebi-Phikwe, in the Tuli Block region of Eastern Botswana. With 36 rooms and convenient on-site facilities including a restaurant, bar, private swimming pool and conference rooms, Syringa Lodge is the perfect accommodation solution whether you are travelling through Selebi-Phikwe for business or pleasure"
logos\tai-pan-fast-food.jpg,Tai Pan Fast Food,"Botswana Business Directory - Local Botswana Sign in + Get Listed Data Hub Botswana Gaborone Restaurants Tai Pan Fast Food - Gaborone, Botswana 0.0 0 Reviews Write a Review Update Info Contacts Reviews Q&A Unverified Listing Hotel name Tai Pan Fast Food Address Plot 8934 Ext2, African Mall, Gaborone , Botswana",Gaborone,"Botswana Business Directory - Local Botswana Sign in + Get Listed Data Hub Botswana Gaborone Restaurants Tai Pan Fast Food - Gaborone, Botswana 0.0 0 Reviews Write a Review Update Info Contacts Reviews Q&A Unverified Listing Hotel name Tai Pan Fast Food Address Plot 8934 Ext2, African Mall",+267 395 1771,+267 7224 8327,,,https://www.facebook.com/sharer/sharer.php?u=https%3A%2F%2Fwww.localbotswana.com%2Fcompany%2F282%2FTai_Pan_Fast_Food,,,,,,,
logos\tandurei-indian-restaurant-maun.jpg,Tandurei Indian Restaurant Maun,"Botswana Business Directory - Local Botswana Sign in + Get Listed Data Hub Botswana Maun Restaurants Tandurei Indian Restaurant Maun - Botswana Delicious Indian and Chinese cuisine in Maun, Botswana. Tandurei Indian Restaurant Maun 5.0 1 Review Tandurei Indian Restaurant Maun 448, Moteti Road 00267 6800227 https://www.localbotswana.com/img/bw/k/_1426422917-13-tandurei-indian-restaurant-maun.jpg Write a Review Update Info Contacts Reviews (1) Q&A Verified Listing +12 Years With Us Restaurant name Tandurei Indian Restaurant Maun Address 448, Moteti Road, Maun , Botswana",Maun,"Botswana Business Directory - Local Botswana Sign in + Get Listed Data Hub Botswana Maun Restaurants Tandurei Indian Restaurant Maun - Botswana Delicious Indian and Chinese cuisine in Maun, Botswana. Tandurei Indian Restaurant Maun 5.0 1 Review Tandurei Indian Restaurant Maun 448, Moteti Road 00267 6800227 https://www.localbotswana.com/img/bw/k/_1426422917-13-tandurei-indian-restaurant-maun.jpg Write a Review Update Info Contacts Reviews (1) Q&A Verified Listing +12 Years With Us Restaurant name Tandurei Indian Restaurant Maun Address 448, Moteti Road",00267 6800227,00267 71137333,,www.tandurei.com Working hours Monday: 11.00 am - 22.00 Tuesday: 11.00 am - 22.00 Wednesday: 11.00 am - 22.00 Thursday: 11.00 am - 22.00 Friday: 11.00 am - 22.00 Saturday: 11.00 am - 22.00 Sunday: 11.00 am - 22.00 Company manager Pravin K. Vyas,https://www.facebook.com/sharer/sharer.php?u=https%3A%2F%2Fwww.localbotswana.com%2Fcompany%2F13591%2FTandurei_Indian_Restaurant_Maun,,,,,,2014,Restaurant (Indian & Chinese cuisine) based in Maun
logos\thamang-enterprises-ta-borakanelo-restaurant-bar.jpg,Thamang Enterprises T/a Borakanelo Restaurant & Bar,"Boseja Ward, P.O.Box 202067, Mochudi , Botswana",Mochudi,"Boseja Ward, P.O.Box 202067",+267 574 8116,+267 7295 4202,,,https://www.facebook.com/sharer/sharer.php?u=https%3A%2F%2Fwww.localbotswana.com%2Fcompany%2F349%2FThamang_Enterprises_Ta_Borakanelo_Restaurant_Bar,,,,,,,
logos\thatos-steak-house.jpg,Thatos Steak House,"Botswana Business Directory - Local Botswana Sign in + Get Listed Data Hub Botswana Palapye Restaurants Thatos Steak House - Palapye, Botswana 0.0 0 Reviews Write a Review Update Info Contacts Reviews Q&A (1) Unverified Listing Hotel name Thatos Steak House Address FNB Mall, P.O.Box 1038, Palapye , Botswana",Palapye,"Botswana Business Directory - Local Botswana Sign in + Get Listed Data Hub Botswana Palapye Restaurants Thatos Steak House - Palapye, Botswana 0.0 0 Reviews Write a Review Update Info Contacts Reviews Q&A (1) Unverified Listing Hotel name Thatos Steak House Address FNB Mall, P.O.Box 1038",,,,,https://www.facebook.com/sharer/sharer.php?u=https%3A%2F%2Fwww.localbotswana.com%2Fcompany%2F405%2FThatos_Steak_House,,,,,,,
logos\the-braai-place.jpg,The Braai Place,"Botswana Business Directory - Local Botswana Sign in + Get Listed Data Hub Botswana Gaborone Restaurants The Braai Place - Gaborone, Botswana Fresh ingredients, open flame grilling, and flavorful traditions. 0.0 0 Reviews Write a Review Update Info Contacts Map Reviews Q&A Verified Listing Hotel name The Braai Place Address South Ring Mall, Gaborone , Botswana",Gaborone,"Botswana Business Directory - Local Botswana Sign in + Get Listed Data Hub Botswana Gaborone Restaurants The Braai Place - Gaborone, Botswana Fresh ingredients, open flame grilling, and flavorful traditions. 0.0 0 Reviews Write a Review Update Info Contacts Map Reviews Q&A Verified Listing Hotel name The Braai Place Address South Ring Mall",+267 391 8037,+267 3918037,+267 391 8037,www.facebook.com/thebraaiplace/,www.facebook.com/thebraaiplace/,,,,,,2009,"At THE BRAAI PLACE we don't confound you with tales and legends of ambiguous places or events, but rather just the truth, and that truth is that we serve more than just meal, but a way of life, a tradition and culture that is at the heart of every one of our patrons. The truth that only the freshest ingridients are used in the preparations of our food. The certainty that our succulent portions are prepared fresh, seasoned and marinated for 48 hours in our secret blend of spices and sauces to ensure unbeatable succulence and tenderness. The faith that our steaks are basted and prepared over an open flame grill per order and to prefection, thus ensuring that all essential flavours are not only accentuated but retained. It is these plain and simple facts that are the elementary secret of our success. and that is simply...THE TRUTH"
logos\the-braai-place.jpg,The Braai Place,"Botswana Business Directory - Local Botswana Sign in + Get Listed Data Hub Botswana Lobatse Restaurants The Braai Place - Lobatse, Botswana Freshly grilled meals with 48-hour marinated flavors. 0.0 0 Reviews Write a Review Update Info Contacts Map Reviews Q&A Verified Listing Hotel name The Braai Place Address Moremi 1 St, The Mall, Lobatse , Botswana",Lobatse,"Botswana Business Directory - Local Botswana Sign in + Get Listed Data Hub Botswana Lobatse Restaurants The Braai Place - Lobatse, Botswana Freshly grilled meals with 48-hour marinated flavors. 0.0 0 Reviews Write a Review Update Info Contacts Map Reviews Q&A Verified Listing Hotel name The Braai Place Address Moremi 1 St, The Mall",+267 533 0361,,+267 533 2092,www.facebook.com/thebraaiplace Working hours Monday: 09:00 - 22:00 Tuesday: 09:00 - 22:00 Wednesday: 09:00 - 22:00 Thursday: 09:00 - 22:00 Friday: 09:00 - 22:00 Saturday: 09:00 - 22:00 Sunday: 09:00 - 22:00,www.facebook.com/thebraaiplace Working hours Monday: 09:00 - 22:00 Tuesday: 09:00 - 22:00 Wednesday: 09:00 - 22:00 Thursday: 09:00 - 22:00 Friday: 09:00 - 22:00 Saturday: 09:00 - 22:00 Sunday: 09:00 - 22:00,,,,,,,"At THE BRAAI PLACE we don't confound you with tales and legends of ambiguous places or events, but rather just the truth, and that truth is that we serve more than just meal, but a way of life, a tradition and culture that is at the heart of every one of our patrons. The truth that only the freshest ingridients are used in the preparations of our food. The certainty that our succulent portions are prepared fresh, seasoned and marinated for 48 hours in our secret blend of spices and sauces to ensure unbeatable succulence and tenderness. The faith that our steaks are basted and prepared over an open flame grill per order and to prefection, thus ensuring that all essential flavours are not only accentuated but retained. It is these plain and simple facts that are the elementary secret of our success. and that is simply...THE TRUTH"
logos\the-braai-place.jpg,The Braai Place,"Botswana Business Directory - Local Botswana Sign in + Get Listed Data Hub Botswana Gaborone Restaurants The Braai Place - Gaborone, Botswana 0.0 0 Reviews Write a Review Update Info Contacts Reviews Q&A Unverified Listing Hotel name The Braai Place Address Riverwalk, Gaborone , Botswana",Gaborone,"Botswana Business Directory - Local Botswana Sign in + Get Listed Data Hub Botswana Gaborone Restaurants The Braai Place - Gaborone, Botswana 0.0 0 Reviews Write a Review Update Info Contacts Reviews Q&A Unverified Listing Hotel name The Braai Place Address Riverwalk",,,,,https://www.facebook.com/sharer/sharer.php?u=https%3A%2F%2Fwww.localbotswana.com%2Fcompany%2F217%2FThe_Braai_Place%2F,,,,,,,
logos\the-chicken-inn-restaurant.jpg,The Chicken Inn Restaurant,"Botswana Business Directory - Local Botswana Sign in + Get Listed Data Hub Botswana Serowe Restaurants The Chicken Inn Restaurant - Serowe, Botswana 0.0 0 Reviews Write a Review Update Info Contacts Reviews Q&A Unverified Listing Hotel name The Chicken Inn Restaurant Address Serowe , Botswana",Botswana 0.0 0 Reviews Write a Review Update Info Contacts Reviews Q&A Unverified Listing Hotel name The Chicken Inn Restaurant Address Serowe,Botswana Business Directory - Local Botswana Sign in + Get Listed Data Hub Botswana Serowe Restaurants The Chicken Inn Restaurant - Serowe,,,,,https://www.facebook.com/sharer/sharer.php?u=https%3A%2F%2Fwww.localbotswana.com%2Fcompany%2F311%2FThe_Chicken_Inn_Restaurant,,,,,,,
logos\the-grand-palm-hotel-casino-convention-resort.jpg,The Grand Palm Hotel Casino & Convention Resort,"Gaborone , Botswana",Gaborone,,+267 363 7777,,+267 391 2989,www.grandpalm.bw,https://www.facebook.com/sharer/sharer.php?u=https%3A%2F%2Fwww.localbotswana.com%2Fcompany%2F467%2FThe_Grand_Palm_Hotel_Casino_Convention_Resort,,,,,,,"Welcome to Grand Palm top Gaborone casinos, Gaborone resorts, Gaborone hotels and Gaborone accommodation"
logos\the-marang.jpg,The Marang,"Botswana Business Directory - Local Botswana Sign in + Get Listed Data Hub Botswana Francistown Conferences The Marang - Francistown, Botswana 0.0 0 Reviews Write a Review Update Info Contacts Reviews Q&A Unverified Listing Hotel name The Marang Address Old Gaborone Rd, P.O.Box 807, Francistown , Botswana",Francistown,"Botswana Business Directory - Local Botswana Sign in + Get Listed Data Hub Botswana Francistown Conferences The Marang - Francistown, Botswana 0.0 0 Reviews Write a Review Update Info Contacts Reviews Q&A Unverified Listing Hotel name The Marang Address Old Gaborone Rd, P.O.Box 807",+267 241 3991 +267 241 3992 +267 241 3993,,,,https://www.facebook.com/sharer/sharer.php?u=https%3A%2F%2Fwww.localbotswana.com%2Fcompany%2F35%2FThe_Marang,,,,,,,
logos\theos-fried-chicken.jpg,Theo's Fried Chicken,"Botswana Business Directory - Local Botswana Sign in + Get Listed Data Hub Botswana Mahalapye Restaurants Theo's Fried Chicken - Mahalapye, Botswana 0.0 0 Reviews Write a Review Update Info Contacts Reviews Q&A Unverified Listing Hotel name Theo's Fried Chicken Address Main Rd, P.O.Box 217, Mahalapye , Botswana",Mahalapye,"Botswana Business Directory - Local Botswana Sign in + Get Listed Data Hub Botswana Mahalapye Restaurants Theo's Fried Chicken - Mahalapye, Botswana 0.0 0 Reviews Write a Review Update Info Contacts Reviews Q&A Unverified Listing Hotel name Theo's Fried Chicken Address Main Rd, P.O.Box 217",,,,,https://www.facebook.com/sharer/sharer.php?u=https%3A%2F%2Fwww.localbotswana.com%2Fcompany%2F233%2FTheos_Fried_Chicken,,,,,,,
logos\tonys-service-apartments.jpg,Tony's Service Apartments,"Botswana Business Directory - Local Botswana Sign in + Get Listed Data Hub Botswana Gaborone Leisure Tony's Service Apartments - Gaborone, Botswana 0.0 0 Reviews Write a Review Update Info Contacts Reviews Q&A Unverified Listing Hotel name Tony's Service Apartments Address Plot 3457 Ext 12 Premier Location, P.O.Box 201885, Gaborone , Botswana",Gaborone,"Botswana Business Directory - Local Botswana Sign in + Get Listed Data Hub Botswana Gaborone Leisure Tony's Service Apartments - Gaborone, Botswana 0.0 0 Reviews Write a Review Update Info Contacts Reviews Q&A Unverified Listing Hotel name Tony's Service Apartments Address Plot 3457 Ext 12 Premier Location, P.O.Box 201885",+267 395 9639 +267 395 0006,,,,https://www.facebook.com/sharer/sharer.php?u=https%3A%2F%2Fwww.localbotswana.com%2Fcompany%2F156%2FTonys_Service_Apartments,,,,,,,
logos\tose-restaurant.jpg,Tose Restaurant,"Botswana Business Directory - Local Botswana Sign in + Get Listed Data Hub Botswana Francistown Restaurants Tose Restaurant - Francistown, Botswana 0.0 0 Reviews Write a Review Update Info Contacts Reviews Q&A Unverified Listing Hotel name Tose Restaurant Address P.O.Box 20035, Francistown , Botswana",Francistown,"Botswana Business Directory - Local Botswana Sign in + Get Listed Data Hub Botswana Francistown Restaurants Tose Restaurant - Francistown, Botswana 0.0 0 Reviews Write a Review Update Info Contacts Reviews Q&A Unverified Listing Hotel name Tose Restaurant Address P.O.Box 20035",,,,,https://www.facebook.com/sharer/sharer.php?u=https%3A%2F%2Fwww.localbotswana.com%2Fcompany%2F358%2FTose_Restaurant,,,,,,,
logos\travel-inn.jpg,Travel Inn,"Botswana Business Directory - Local Botswana Sign in + Get Listed Data Hub Botswana Conferences Travel Inn - Botswana 0.0 0 Reviews Write a Review Update Info Contacts Reviews Q&A Unverified Listing Hotel name Travel Inn Address Independance Rd, Selebi-Phikwe, P.O.Box 2030, Botswana",P.O.Box 2030,"Botswana Business Directory - Local Botswana Sign in + Get Listed Data Hub Botswana Conferences Travel Inn - Botswana 0.0 0 Reviews Write a Review Update Info Contacts Reviews Q&A Unverified Listing Hotel name Travel Inn Address Independance Rd, Selebi-Phikwe",+267 262 2999,,,,https://www.facebook.com/sharer/sharer.php?u=https%3A%2F%2Fwww.localbotswana.com%2Fcompany%2F469%2FTravel_Inn,,,,,,,
logos\triple-r-restaurant.jpg,Triple R Restaurant,"Botswana Business Directory - Local Botswana Sign in + Get Listed Data Hub Botswana Gaborone Restaurants Triple R Restaurant - Gaborone, Botswana 0.0 0 Reviews Write a Review Update Info Contacts Reviews Q&A Unverified Listing Hotel name Triple R Restaurant Address Plot 4749 Ext16, Broadhurst, P.O.Box 40440, Gaborone , Botswana",Gaborone,"Botswana Business Directory - Local Botswana Sign in + Get Listed Data Hub Botswana Gaborone Restaurants Triple R Restaurant - Gaborone, Botswana 0.0 0 Reviews Write a Review Update Info Contacts Reviews Q&A Unverified Listing Hotel name Triple R Restaurant Address Plot 4749 Ext16, Broadhurst, P.O.Box 40440",,,,,https://www.facebook.com/sharer/sharer.php?u=https%3A%2F%2Fwww.localbotswana.com%2Fcompany%2F266%2FTriple_R_Restaurant,,,,,,,
logos\tshipidi-restaurant.jpg,Tshipidi Restaurant,"Botswana Business Directory - Local Botswana Sign in + Get Listed Data Hub Botswana Maun Restaurants Tshipidi Restaurant - Maun, Botswana 0.0 0 Reviews Write a Review Update Info Contacts Reviews Q&A Unverified Listing Hotel name Tshipidi Restaurant Address Maun , Botswana",Botswana 0.0 0 Reviews Write a Review Update Info Contacts Reviews Q&A Unverified Listing Hotel name Tshipidi Restaurant Address Maun,Botswana Business Directory - Local Botswana Sign in + Get Listed Data Hub Botswana Maun Restaurants Tshipidi Restaurant - Maun,,,,,https://www.facebook.com/sharer/sharer.php?u=https%3A%2F%2Fwww.localbotswana.com%2Fcompany%2F291%2FTshipidi_Restaurant,,,,,,,
logos\tsholofelo-community-centre.jpg,Tsholofelo Community Centre,"Botswana Business Directory - Local Botswana Sign in + Get Listed Data Hub Botswana Gaborone Conferences Tsholofelo Community Centre - Gaborone, Botswana 0.0 0 Reviews Write a Review Update Info Contacts Reviews Q&A (1) Unverified Listing Hotel name Tsholofelo Community Centre Address Plot 8451, Broadhurst, P.O.Box 69, Gaborone , Botswana",Gaborone,"Botswana Business Directory - Local Botswana Sign in + Get Listed Data Hub Botswana Gaborone Conferences Tsholofelo Community Centre - Gaborone, Botswana 0.0 0 Reviews Write a Review Update Info Contacts Reviews Q&A (1) Unverified Listing Hotel name Tsholofelo Community Centre Address Plot 8451, Broadhurst, P.O.Box 69",,,,,https://www.facebook.com/sharer/sharer.php?u=https%3A%2F%2Fwww.localbotswana.com%2Fcompany%2F476%2FTsholofelo_Community_Centre,,,,,,,
logos\u-b-convience-store.jpg,U B Convience Store,"Botswana Business Directory - Local Botswana Sign in + Get Listed Data Hub Botswana Gaborone Restaurants U B Convience Store - Gaborone, Botswana 0.0 0 Reviews Write a Review Update Info Contacts Reviews Q&A Unverified Listing Hotel name U B Convience Store Address Main Campus U B, Gaborone ., P.O.Box 1406, Botswana",P.O.Box 1406,"Botswana Business Directory - Local Botswana Sign in + Get Listed Data Hub Botswana Gaborone Restaurants U B Convience Store - Gaborone, Botswana 0.0 0 Reviews Write a Review Update Info Contacts Reviews Q&A Unverified Listing Hotel name U B Convience Store Address Main Campus U B, Gaborone .",+267 318 5878,+267 7122 1175,,,https://www.facebook.com/sharer/sharer.php?u=https%3A%2F%2Fwww.localbotswana.com%2Fcompany%2F380%2FU_B_Convience_Store,,,,,,,
logos\upper-height.jpg,Upper Height,"Botswana Business Directory - Local Botswana Sign in + Get Listed Data Hub Botswana Serowe Restaurants Upper Height - Serowe, Botswana 0.0 0 Reviews Write a Review Update Info Contacts Reviews Q&A Unverified Listing Hotel name Upper Height Address Main mall, P.O.Box 1592, Serowe , Botswana",Serowe,"Botswana Business Directory - Local Botswana Sign in + Get Listed Data Hub Botswana Serowe Restaurants Upper Height - Serowe, Botswana 0.0 0 Reviews Write a Review Update Info Contacts Reviews Q&A Unverified Listing Hotel name Upper Height Address Main mall, P.O.Box 1592",+267 460 0411,,,,https://www.facebook.com/sharer/sharer.php?u=https%3A%2F%2Fwww.localbotswana.com%2Fcompany%2F346%2FUpper_Height,,,,,,,
logos\vala-lisa-catering-company.jpg,Vala-lisa Catering Company,"Botswana Business Directory - Local Botswana Sign in + Get Listed Data Hub Botswana Gaborone Restaurants Vala-lisa Catering Company - Gaborone, Botswana 0.0 0 Reviews Write a Review Update Info Contacts Reviews Q&A Unverified Listing Hotel name Vala-lisa Catering Company Address P.O.Box 3578, Gaborone , Botswana",Gaborone,"Botswana Business Directory - Local Botswana Sign in + Get Listed Data Hub Botswana Gaborone Restaurants Vala-lisa Catering Company - Gaborone, Botswana 0.0 0 Reviews Write a Review Update Info Contacts Reviews Q&A Unverified Listing Hotel name Vala-lisa Catering Company Address P.O.Box 3578",+267 395 9895,+267 7154 4170,,,https://www.facebook.com/sharer/sharer.php?u=https%3A%2F%2Fwww.localbotswana.com%2Fcompany%2F441%2FVala_lisa_Catering_Company,,,,,,,
logos\visagie-enterprises-pty-ltd.jpg,Visagie Enterprises (pty) Ltd,"Botswana Business Directory - Local Botswana Sign in + Get Listed Data Hub Botswana Restaurants Visagie Enterprises (pty) Ltd - Botswana 0.0 0 Reviews Write a Review Update Info Contacts Reviews Q&A Unverified Listing Hotel name Visagie Enterprises (pty) Ltd Address Plot 4262 Orlando, Orlando, Selebi-Phikwe, P.O.Box 1437, Botswana",P.O.Box 1437,"Botswana Business Directory - Local Botswana Sign in + Get Listed Data Hub Botswana Restaurants Visagie Enterprises (pty) Ltd - Botswana 0.0 0 Reviews Write a Review Update Info Contacts Reviews Q&A Unverified Listing Hotel name Visagie Enterprises (pty) Ltd Address Plot 4262 Orlando, Orlando, Selebi-Phikwe",+267 261 5301,,,,https://www.facebook.com/sharer/sharer.php?u=https%3A%2F%2Fwww.localbotswana.com%2Fcompany%2F276%2FVisagie_Enterprises_pty_Ltd,,,,,,,
logos\vision-restaurant.jpg,Vision Restaurant,"Botswana Business Directory - Local Botswana Sign in + Get Listed Data Hub Botswana Molepolole Restaurants Vision Restaurant - Molepolole, Botswana 0.0 0 Reviews Write a Review Update Info Contacts Reviews Q&A Unverified Listing Hotel name Vision Restaurant Address P.O.Box 1551, Molepolole , Botswana",Molepolole,"Botswana Business Directory - Local Botswana Sign in + Get Listed Data Hub Botswana Molepolole Restaurants Vision Restaurant - Molepolole, Botswana 0.0 0 Reviews Write a Review Update Info Contacts Reviews Q&A Unverified Listing Hotel name Vision Restaurant Address P.O.Box 1551",+267 592 1182,,,,https://www.facebook.com/sharer/sharer.php?u=https%3A%2F%2Fwww.localbotswana.com%2Fcompany%2F416%2FVision_Restaurant,,,,,,,
logos\water-affairs-palapye.jpg,Water Affairs Palapye,"Botswana Business Directory - Local Botswana Sign in + Get Listed Data Hub Botswana Palapye Restaurants Water Affairs Palapye - Botswana 0.0 0 Reviews Write a Review Update Info Contacts Reviews Q&A Unverified Listing Hotel name Water Affairs Palapye Address next to Haskins, P.O.Box 21, Palapye , Botswana",Palapye,"Botswana Business Directory - Local Botswana Sign in + Get Listed Data Hub Botswana Palapye Restaurants Water Affairs Palapye - Botswana 0.0 0 Reviews Write a Review Update Info Contacts Reviews Q&A Unverified Listing Hotel name Water Affairs Palapye Address next to Haskins, P.O.Box 21",+267 492 2551,,,,https://www.facebook.com/sharer/sharer.php?u=https%3A%2F%2Fwww.localbotswana.com%2Fcompany%2F296%2FWater_Affairs_Palapye,,,,,,,
logos\waterhole-bar-and-restaurant-the.jpg,Waterhole Bar And Restaurant The,"Botswana Business Directory - Local Botswana Sign in + Get Listed Data Hub Botswana Francistown Restaurants Waterhole Bar And Restaurant The - Francistown, Botswana 0.0 0 Reviews Write a Review Update Info Contacts Reviews Q&A Unverified Listing Hotel name Waterhole Bar And Restaurant The Address Village Mall, TKM college, Central, P.O.Box 2086, Francistown , Botswana",Francistown,"Botswana Business Directory - Local Botswana Sign in + Get Listed Data Hub Botswana Francistown Restaurants Waterhole Bar And Restaurant The - Francistown, Botswana 0.0 0 Reviews Write a Review Update Info Contacts Reviews Q&A Unverified Listing Hotel name Waterhole Bar And Restaurant The Address Village Mall, TKM college, Central, P.O.Box 2086",+267 241 4056,,,,https://www.facebook.com/sharer/sharer.php?u=https%3A%2F%2Fwww.localbotswana.com%2Fcompany%2F317%2FWaterhole_Bar_And_Restaurant_The,,,,,,,
logos\welcome-bar-restaurant.jpg,Welcome Bar Restaurant,"Botswana Business Directory - Local Botswana Sign in + Get Listed Data Hub Botswana Sebina Restaurants Welcome Bar Restaurant - Sebina, Botswana 0.0 0 Reviews Write a Review Update Info Contacts Reviews Q&A Unverified Listing Hotel name Welcome Bar Restaurant Address Near Botshelo Complex, P.O.Box 313, Sebina , Botswana",Sebina,"Botswana Business Directory - Local Botswana Sign in + Get Listed Data Hub Botswana Sebina Restaurants Welcome Bar Restaurant - Sebina, Botswana 0.0 0 Reviews Write a Review Update Info Contacts Reviews Q&A Unverified Listing Hotel name Welcome Bar Restaurant Address Near Botshelo Complex, P.O.Box 313",+267 298 1238,,,,https://www.facebook.com/sharer/sharer.php?u=https%3A%2F%2Fwww.localbotswana.com%2Fcompany%2F275%2FWelcome_Bar_Restaurant,,,,,,,
logos\welcome-group-pty-ltd.jpg,Welcome Group (pty) Ltd,"Botswana Business Directory - Local Botswana Sign in + Get Listed Data Hub Botswana Maun Restaurants Welcome Group (pty) Ltd - Maun, Botswana 0.0 0 Reviews Write a Review Update Info Contacts Reviews Q&A Unverified Listing Hotel name Welcome Group (pty) Ltd Address Plot 529, Mophane Ave, P.O.Box 20012, Maun , Botswana",Maun,"Botswana Business Directory - Local Botswana Sign in + Get Listed Data Hub Botswana Maun Restaurants Welcome Group (pty) Ltd - Maun, Botswana 0.0 0 Reviews Write a Review Update Info Contacts Reviews Q&A Unverified Listing Hotel name Welcome Group (pty) Ltd Address Plot 529, Mophane Ave, P.O.Box 20012",+267 680 0625,,,,https://www.facebook.com/sharer/sharer.php?u=https%3A%2F%2Fwww.localbotswana.com%2Fcompany%2F330%2FWelcome_Group_pty_Ltd,,,,,,,
logos\welcome-restaurant.jpg,Welcome Restaurant,"Botswana Business Directory - Local Botswana Sign in + Get Listed Data Hub Botswana Letlhakane Restaurants Welcome Restaurant - Letlhakane, Botswana 0.0 0 Reviews Write a Review Update Info Contacts Reviews Q&A Unverified Listing Hotel name Welcome Restaurant Address Nkosho Ward., P.O.Box 201, Letlhakane , Botswana",Letlhakane,"Botswana Business Directory - Local Botswana Sign in + Get Listed Data Hub Botswana Letlhakane Restaurants Welcome Restaurant - Letlhakane, Botswana 0.0 0 Reviews Write a Review Update Info Contacts Reviews Q&A Unverified Listing Hotel name Welcome Restaurant Address Nkosho Ward., P.O.Box 201",+267 297 8538,,,,https://www.facebook.com/sharer/sharer.php?u=https%3A%2F%2Fwww.localbotswana.com%2Fcompany%2F314%2FWelcome_Restaurant,,,,,,,
logos\western-point-serowe.jpg,Western Point Serowe,"Botswana Business Directory - Local Botswana Sign in + Get Listed Data Hub Botswana Serowe Restaurants Western Point Serowe - Botswana 0.0 0 Reviews Write a Review Update Info Contacts Reviews Q&A Unverified Listing Hotel name Western Point Serowe Address Plot 2186 Sokwane Ward, (opposite Police Staff Houses in Serowe ), P.O.Box 1558, Botswana",P.O.Box 1558,"Botswana Business Directory - Local Botswana Sign in + Get Listed Data Hub Botswana Serowe Restaurants Western Point Serowe - Botswana 0.0 0 Reviews Write a Review Update Info Contacts Reviews Q&A Unverified Listing Hotel name Western Point Serowe Address Plot 2186 Sokwane Ward, (opposite Police Staff Houses in Serowe )",+267 463 7454,,,,https://www.facebook.com/sharer/sharer.php?u=https%3A%2F%2Fwww.localbotswana.com%2Fcompany%2F333%2FWestern_Point_Serowe,,,,,,,
logos\whistle-stop-steers-diner.jpg,Whistle Stop / Steers Diner,"Botswana Business Directory - Local Botswana Sign in + Get Listed Data Hub Botswana Mahalapye Restaurants Whistle Stop / Steers Diner - Mahalapye, Botswana 0.0 0 Reviews Write a Review Update Info Contacts Reviews Q&A Unverified Listing Hotel name Whistle Stop / Steers Diner Address Mahalapye , Botswana",Botswana 0.0 0 Reviews Write a Review Update Info Contacts Reviews Q&A Unverified Listing Hotel name Whistle Stop / Steers Diner Address Mahalapye,Botswana Business Directory - Local Botswana Sign in + Get Listed Data Hub Botswana Mahalapye Restaurants Whistle Stop / Steers Diner - Mahalapye,,,,,https://www.facebook.com/sharer/sharer.php?u=https%3A%2F%2Fwww.localbotswana.com%2Fcompany%2F426%2FWhistle_Stop__Steers_Diner,,,,,,,
logos\white-city-liquor-rest.jpg,White City Liquor Rest,"Botswana Business Directory - Local Botswana Sign in + Get Listed Data Hub Botswana Francistown Restaurants White City Liquor Rest - Francistown, Botswana 0.0 0 Reviews Write a Review Update Info Contacts Reviews Q&A Unverified Listing Hotel name White City Liquor Rest Address Francistown , Botswana",Botswana 0.0 0 Reviews Write a Review Update Info Contacts Reviews Q&A Unverified Listing Hotel name White City Liquor Rest Address Francistown,Botswana Business Directory - Local Botswana Sign in + Get Listed Data Hub Botswana Francistown Restaurants White City Liquor Rest - Francistown,,,,,https://www.facebook.com/sharer/sharer.php?u=https%3A%2F%2Fwww.localbotswana.com%2Fcompany%2F279%2FWhite_City_Liquor_Rest,,,,,,,
logos\wild-beast-butchery-and-restaurant.jpg,Wild Beast Butchery And Restaurant,"Botswana Business Directory - Local Botswana Sign in + Get Listed Data Hub Botswana Nata Restaurants Wild Beast Butchery And Restaurant - Nata, Botswana 0.0 0 Reviews Write a Review Update Info Contacts Reviews Q&A Unverified Listing Hotel name Wild Beast Butchery And Restaurant Address P.O.Box 87, Nata , Botswana",Nata,"Botswana Business Directory - Local Botswana Sign in + Get Listed Data Hub Botswana Nata Restaurants Wild Beast Butchery And Restaurant - Nata, Botswana 0.0 0 Reviews Write a Review Update Info Contacts Reviews Q&A Unverified Listing Hotel name Wild Beast Butchery And Restaurant Address P.O.Box 87",,,,,https://www.facebook.com/sharer/sharer.php?u=https%3A%2F%2Fwww.localbotswana.com%2Fcompany%2F258%2FWild_Beast_Butchery_And_Restaurant,,,,,,,
logos\wimpy.jpg,Wimpy,"Botswana Business Directory - Local Botswana Sign in + Get Listed Data Hub Botswana Gaborone Restaurants Wimpy - Gaborone, Botswana Wimpy 1.0 2 Reviews Wimpy Shop 38 Riverwalk Shopping Mall +267 370 0186 https://www.localbotswana.com/img/site/default-business2.jpg Write a Review Update Info Contacts Reviews (2) Q&A Unverified Listing Hotel name Wimpy Address Shop 38 Riverwalk Shopping Mall, Gaborone , Botswana",Gaborone,"Botswana Business Directory - Local Botswana Sign in + Get Listed Data Hub Botswana Gaborone Restaurants Wimpy - Gaborone, Botswana Wimpy 1.0 2 Reviews Wimpy Shop 38 Riverwalk Shopping Mall +267 370 0186 https://www.localbotswana.com/img/site/default-business2.jpg Write a Review Update Info Contacts Reviews (2) Q&A Unverified Listing Hotel name Wimpy Address Shop 38 Riverwalk Shopping Mall",,,,,https://www.facebook.com/sharer/sharer.php?u=https%3A%2F%2Fwww.localbotswana.com%2Fcompany%2F345%2FWimpy%2F,,,,,,,
logos\wimpy.jpg,Wimpy,"Botswana Business Directory - Local Botswana Sign in + Get Listed Data Hub Botswana Gaborone Restaurants Wimpy - Gaborone, Botswana Family-friendly dining with Halaal options and play areas. 0.0 0 Reviews Write a Review Update Info Contacts Map Reviews Q&A Verified Listing Hotel name Wimpy Address Plot 54027 Engen Filling Station Western Bypass, Gaborone , Botswana",Gaborone,"Botswana Business Directory - Local Botswana Sign in + Get Listed Data Hub Botswana Gaborone Restaurants Wimpy - Gaborone, Botswana Family-friendly dining with Halaal options and play areas. 0.0 0 Reviews Write a Review Update Info Contacts Map Reviews Q&A Verified Listing Hotel name Wimpy Address Plot 54027 Engen Filling Station Western Bypass",+267 392 4187,,+267 392 2201,www.facebook.com/WimpyBotswana/ Working hours Monday: 24 hours Tuesday: 24 hours Wednesday: 24 hours Thursday: v Friday: 24 hours Saturday: 24 hours Sunday: 24 hours,www.facebook.com/WimpyBotswana/ Working hours Monday: 24 hours Tuesday: 24 hours Wednesday: 24 hours Thursday: v Friday: 24 hours Saturday: 24 hours Sunday: 24 hours,,,,,,,"In the year that Elvis and Priscilla tied the knot and Coca-Cola cost 10c, Aretha Franklinâs Respect topped the Billboard Charts and the Beatleâs Sgt Pepperâs Lonely Hearts Club Band won the Grammy for Album of the Year, Wimpy landed on South African shores. In the over 40 years since we first opened in Murchies Passage in Durban in 1967, Wimpy has truly become a South African icon. Our network now consists of over 500 franchised stores in South Africa, Botswana, Namibia and Zambia with numerous new stores in the pipeline. We cater to families of all walks of life; our Playword kidsâ play areas ensure that the little ones are always kept entertained and our 11 SANHA accredited Halaal stores nationwide ensure our customersâ always have confidence in our menu. Our ever-growing network of stores ensures there always a Wimpy nearby where you can Enjoy Every Moment"
logos\wimpy.jpg,Wimpy,"Botswana Business Directory - Local Botswana Sign in + Get Listed Data Hub Botswana Palapye Restaurants Wimpy - Palapye, Botswana 0.0 0 Reviews Write a Review Update Info Contacts Reviews Q&A Unverified Listing Hotel name Wimpy Address Desert Sands Motel A1 Road, Palapye , Botswana",Palapye,"Botswana Business Directory - Local Botswana Sign in + Get Listed Data Hub Botswana Palapye Restaurants Wimpy - Palapye, Botswana 0.0 0 Reviews Write a Review Update Info Contacts Reviews Q&A Unverified Listing Hotel name Wimpy Address Desert Sands Motel A1 Road",,,,,https://www.facebook.com/sharer/sharer.php?u=https%3A%2F%2Fwww.localbotswana.com%2Fcompany%2F406%2FWimpy,,,,,,,
logos\wimpy.jpg,Wimpy,"Botswana Business Directory - Local Botswana Sign in + Get Listed Data Hub Botswana Orapa Restaurants Wimpy - Orapa, Botswana Family-friendly eatery with play areas and Halaal options. 0.0 0 Reviews Write a Review Update Info Contacts Map Reviews Q&A Verified Listing Hotel name Wimpy Address Engen Filling Station, Orapa , Botswana",Orapa,"Botswana Business Directory - Local Botswana Sign in + Get Listed Data Hub Botswana Orapa Restaurants Wimpy - Orapa, Botswana Family-friendly eatery with play areas and Halaal options. 0.0 0 Reviews Write a Review Update Info Contacts Map Reviews Q&A Verified Listing Hotel name Wimpy Address Engen Filling Station",+267 297 0979,,,wimpy.co.za Working hours Monday: 06:00 - 22:00 Tuesday: 06:00 - 22:00 Wednesday: 06:00 - 22:00 Thursday: 06:00 - 22:00 Friday: 06:00 - 22:00 Saturday: 06:00 - 22:00 Sunday: 06:00 - 22:00,https://www.facebook.com/sharer/sharer.php?u=https%3A%2F%2Fwww.localbotswana.com%2Fcompany%2F417%2FWimpy,,,,,,,"In the year that Elvis and Priscilla tied the knot and Coca-Cola cost 10c, Aretha Franklinâs Respect topped the Billboard Charts and the Beatleâs Sgt Pepperâs Lonely Hearts Club Band won the Grammy for Album of the Year, Wimpy landed on South African shores. In the 50 years since we first opened in Murchies Passage in Durban in 1967, Wimpy has truly become a South African icon. Our network now consists of over 500 franchised stores in South Africa, Botswana, Namibia and Zambia with numerous new stores in the pipeline. We cater to families of all walks of life; our Playword kidsâ play areas ensure that the little ones are always kept entertained and our 11 SANHA accredited Halaal stores nationwide ensure our customersâ always have confidence in our menu. Our ever-growing network of stores ensures there always a Wimpy nearby where you can Enjoy Every Moment"
logos\wimpy.jpg,Wimpy,"Botswana Business Directory - Local Botswana Sign in + Get Listed Data Hub Botswana Gaborone Restaurants Wimpy - Gaborone, Botswana 0.0 0 Reviews Write a Review Update Info Contacts Reviews Q&A Unverified Listing Hotel name Wimpy Address Plot 63724 Shop 14 Mowana Park, Phakalane, Gaborone , Botswana",Gaborone,"Botswana Business Directory - Local Botswana Sign in + Get Listed Data Hub Botswana Gaborone Restaurants Wimpy - Gaborone, Botswana 0.0 0 Reviews Write a Review Update Info Contacts Reviews Q&A Unverified Listing Hotel name Wimpy Address Plot 63724 Shop 14 Mowana Park, Phakalane",,,,,https://www.facebook.com/sharer/sharer.php?u=https%3A%2F%2Fwww.localbotswana.com%2Fcompany%2F418%2FWimpy,,,,,,,
logos\wimpy.jpg,Wimpy,"Botswana Business Directory - Local Botswana Sign in + Get Listed Data Hub Botswana Gaborone Restaurants Wimpy - Gaborone, Botswana 0.0 0 Reviews Write a Review Update Info Contacts Reviews Q&A Unverified Listing Hotel name Wimpy Address Shop 84 Gate No 1 Game City Shopping Mall, Gaborone , Botswana",Gaborone,"Botswana Business Directory - Local Botswana Sign in + Get Listed Data Hub Botswana Gaborone Restaurants Wimpy - Gaborone, Botswana 0.0 0 Reviews Write a Review Update Info Contacts Reviews Q&A Unverified Listing Hotel name Wimpy Address Shop 84 Gate No 1 Game City Shopping Mall",,,,,https://www.facebook.com/sharer/sharer.php?u=https%3A%2F%2Fwww.localbotswana.com%2Fcompany%2F419%2FWimpy,,,,,,,
logos\wimpy.jpg,Wimpy,"Botswana Business Directory - Local Botswana Sign in + Get Listed Data Hub Botswana Francistown Restaurants Wimpy - Francistown, Botswana 0.0 0 Reviews Write a Review Update Info Contacts Reviews Q&A Unverified Listing Hotel name Wimpy Address Shop 20 Nzano Centre, Francistown , Botswana",Francistown,"Botswana Business Directory - Local Botswana Sign in + Get Listed Data Hub Botswana Francistown Restaurants Wimpy - Francistown, Botswana 0.0 0 Reviews Write a Review Update Info Contacts Reviews Q&A Unverified Listing Hotel name Wimpy Address Shop 20 Nzano Centre",,,,,https://www.facebook.com/sharer/sharer.php?u=https%3A%2F%2Fwww.localbotswana.com%2Fcompany%2F420%2FWimpy,,,,,,,
logos\wimpy.jpg,Wimpy,"Botswana Business Directory - Local Botswana Sign in + Get Listed Data Hub Botswana Gaborone Restaurants Wimpy - Orapa - Gaborone, Botswana 0.0 0 Reviews Write a Review Update Info Contacts Reviews Q&A Unverified Listing Hotel name Wimpy - Orapa Address Orapa One Stop, Gaborone , Botswana",Gaborone,"Botswana Business Directory - Local Botswana Sign in + Get Listed Data Hub Botswana Gaborone Restaurants Wimpy - Orapa - Gaborone, Botswana 0.0 0 Reviews Write a Review Update Info Contacts Reviews Q&A Unverified Listing Hotel name Wimpy - Orapa Address Orapa One Stop",,,,,https://www.facebook.com/sharer/sharer.php?u=https%3A%2F%2Fwww.localbotswana.com%2Fcompany%2F424%2FWimpyOrapa,,,,,,,
logos\wimpy.jpg,Wimpy,"Botswana Business Directory - Local Botswana Sign in + Get Listed Data Hub Botswana Gaborone Restaurants Wimpy - Gaborone, Botswana 0.0 0 Reviews Write a Review Update Info Contacts Reviews Q&A Unverified Listing Hotel name Wimpy Address Gaborone , Botswana",Botswana 0.0 0 Reviews Write a Review Update Info Contacts Reviews Q&A Unverified Listing Hotel name Wimpy Address Gaborone,Botswana Business Directory - Local Botswana Sign in + Get Listed Data Hub Botswana Gaborone Restaurants Wimpy - Gaborone,+267 393 7771,,,,https://www.facebook.com/sharer/sharer.php?u=https%3A%2F%2Fwww.localbotswana.com%2Fcompany%2F425%2FWimpy,,,,,,,
